source_index,region,median_brightness,relative_dark_pixel_fraction,dark_state,per_frame_support_fraction
240,centre,0.7704070806503296,0.0006925207756232687,False,1.0
240,inner,0.8083043694496155,0.004032258064516129,False,1.0
240,middle,0.8419549465179443,0.025852272727272727,False,1.0
240,outer,0.8544298410415649,0.034677896953346055,False,0.9786264243917462
241,centre,0.7748705148696899,0.002770083102493075,False,1.0
241,inner,0.8662259578704834,0.0008400537634408602,False,1.0
241,middle,0.8342533111572266,0.026988636363636364,False,1.0
241,outer,0.8547489643096924,0.02882147792327433,False,0.9902063443178318
242,centre,0.8227663040161133,0.0,False,1.0
242,inner,0.879429042339325,0.0010080645161290322,False,1.0
242,middle,0.8810302019119263,0.010416666666666666,False,1.0
242,outer,0.8641921877861023,0.02915049022833454,False,0.9907607021866338
243,centre,0.7538533210754395,0.01731301939058172,False,1.0
243,inner,0.8615854978561401,0.01881720430107527,False,1.0
243,middle,0.8751592040061951,0.03399621212121212,False,1.0
243,outer,0.8729882836341858,0.03211160097387642,False,0.9913766553741915
244,centre,0.743189811706543,0.04362880886426593,False,1.0
244,inner,0.8442325592041016,0.011928763440860215,False,1.0
244,middle,0.8632607460021973,0.04791666666666667,False,1.0
244,outer,0.8765231370925903,0.02487333026255182,False,0.9913766553741915
245,centre,0.7778074145317078,0.0034626038781163434,False,1.0
245,inner,0.8799200057983398,0.004704301075268817,False,1.0
245,middle,0.8689890503883362,0.012973484848484849,False,1.0
245,outer,0.8899757266044617,0.029940119760479042,False,0.9913766553741915
246,centre,0.8268372416496277,0.0,False,1.0
246,inner,0.9067427515983582,0.0,False,1.0
246,middle,0.8771254420280457,0.0023674242424242425,False,1.0
246,outer,0.8821168541908264,0.03691518062775548,False,0.9913766553741915
247,centre,0.8269788026809692,0.0,False,1.0
247,inner,0.9041831493377686,0.0,False,1.0
247,middle,0.8978862762451172,0.0006628787878787879,False,1.0
247,outer,0.8804133534431458,0.04329801934592354,False,0.9742531567600863
248,centre,0.9031717777252197,0.0,False,1.0
248,inner,0.9043349027633667,0.0,False,1.0
248,middle,0.9034956693649292,0.0008522727272727272,False,1.0
248,outer,0.8770894408226013,0.04744357438968217,False,0.9742531567600863
249,centre,0.9429223537445068,0.0,False,1.0
249,inner,0.9451992511749268,0.0,False,1.0
249,middle,0.9292227625846863,0.008428030303030304,False,1.0
249,outer,0.8813098073005676,0.0694873988287162,False,0.9739451801663074
250,centre,0.8309796452522278,0.03254847645429363,False,1.0
250,inner,0.8417953252792358,0.1376008064516129,False,1.0
250,middle,0.8823693990707397,0.0665719696969697,False,1.0
250,outer,0.8529780507087708,0.06856616437454761,False,0.9653218355404989
251,centre,0.7435011863708496,0.10526315789473684,False,1.0
251,inner,0.6535545587539673,0.2283266129032258,False,1.0
251,middle,0.7553098797798157,0.1940340909090909,False,1.0
251,outer,0.8253113627433777,0.10798183852076068,False,0.9562057283646442
252,centre,0.7076282501220703,0.13573407202216067,False,1.0
252,inner,0.6244043111801147,0.18615591397849462,False,1.0
252,middle,0.7014447450637817,0.1930871212121212,False,1.0
252,outer,0.8244258761405945,0.14634467329078107,False,0.9560825377271327
253,centre,0.6941803693771362,0.14058171745152354,False,1.0
253,inner,0.6068149209022522,0.2169018817204301,False,1.0
253,middle,0.696733295917511,0.1649621212121212,False,1.0
253,outer,0.8004470467567444,0.12305060209251827,False,0.9558977517708654
254,centre,0.6801694631576538,0.16551246537396122,False,1.0
254,inner,0.586327075958252,0.24630376344086022,False,1.0
254,middle,0.7673294544219971,0.15378787878787878,False,1.0
254,outer,0.80229651927948,0.154109363690202,False,0.9558361564521096
255,centre,0.6328816413879395,0.3109418282548476,False,1.0
255,inner,0.6978940963745117,0.18346774193548387,False,1.0
255,middle,0.7546051144599915,0.1737689393939394,False,1.0
255,outer,0.7995748519897461,0.16082121471343028,False,0.9562057283646442
0,centre,0.6563591957092285,0.24861495844875348,False,1.0
0,inner,0.6615391969680786,0.1760752688172043,False,1.0
0,middle,0.7437482476234436,0.2180871212121212,False,1.0
0,outer,0.8098564743995667,0.14680529051786537,False,0.9557129658145981
1,centre,0.6840988397598267,0.139196675900277,False,1.0
1,inner,0.5709443092346191,0.2819220430107527,False,1.0
1,middle,0.7292094230651855,0.1712121212121212,False,1.0
1,outer,0.8113082647323608,0.1259459103770481,False,0.956020942408377
2,centre,0.6689655184745789,0.16620498614958448,False,1.0
2,inner,0.5759466886520386,0.2923387096774194,False,1.0
2,middle,0.78829026222229,0.12954545454545455,False,1.0
2,outer,0.7885765433311462,0.1611502270184905,False,0.954912226670773
3,centre,0.7036988139152527,0.1419667590027701,False,1.0
3,inner,0.6604760885238647,0.16683467741935484,False,1.0
3,middle,0.8009615540504456,0.12045454545454545,False,1.0
3,outer,0.796790599822998,0.15259590708692505,False,0.9548506313520172
4,centre,0.6668631434440613,0.1793628808864266,False,1.0
4,inner,0.6894408464431763,0.1580981182795699,False,1.0
4,middle,0.7776815295219421,0.15681818181818183,False,1.0
4,outer,0.7975255250930786,0.14226492070803448,False,0.9551586079457961
5,centre,0.7490823864936829,0.08518005540166206,False,1.0
5,inner,0.6427043676376343,0.22328629032258066,False,1.0
5,middle,0.7552556991577148,0.20018939393939394,False,1.0
5,outer,0.8218729496002197,0.12449825623478318,False,0.9547274407145057
6,centre,0.6879337430000305,0.10041551246537396,False,1.0
6,inner,0.6915745139122009,0.16549059139784947,False,1.0
6,middle,0.7993783950805664,0.11818181818181818,False,1.0
6,outer,0.8423976302146912,0.05553727709416332,False,0.9547890360332615
7,centre,0.9356454610824585,0.0,False,1.0
7,inner,0.9081944823265076,0.07174059139784947,False,1.0
7,middle,0.8982301950454712,0.06458333333333334,False,1.0
7,outer,0.8722870349884033,0.07304073172336645,False,0.9637819525716046
8,centre,0.7747556567192078,0.018698060941828253,False,1.0
8,inner,0.8502070903778076,0.16330645161290322,False,1.0
8,middle,0.8561128973960876,0.045643939393939396,False,1.0
8,outer,0.8421145081520081,0.08837270513917221,False,0.9648290729904527
9,centre,0.8475595712661743,0.0,False,1.0
9,inner,0.857214093208313,0.021337365591397848,False,1.0
9,middle,0.8774031400680542,0.025852272727272727,False,1.0
9,outer,0.8868830800056458,0.02941370007238271,False,0.9735756082537728
10,centre,0.8443584442138672,0.0,False,1.0
10,inner,0.8864102363586426,0.0,False,1.0
10,middle,0.8927960991859436,0.0013257575757575758,False,1.0
10,outer,0.8726173043251038,0.060998881358162796,False,0.9736372035725285
11,centre,0.7989435195922852,0.002770083102493075,False,1.0
11,inner,0.8611561059951782,0.00016801075268817206,False,1.0
11,middle,0.8814964294433594,0.008806818181818181,False,1.0
11,outer,0.8734195828437805,0.04856221622688688,False,0.9909454881429012
12,centre,0.7882980704307556,0.01592797783933518,False,1.0
12,inner,0.8709231615066528,0.018313172043010754,False,1.0
12,middle,0.8692823648452759,0.022821969696969698,False,1.0
12,outer,0.8722980618476868,0.039942093834309404,False,0.9902063443178318
13,centre,0.752469003200531,0.004155124653739612,False,1.0
13,inner,0.8391435146331787,0.03931451612903226,False,1.0
13,middle,0.8415717482566833,0.023958333333333335,False,1.0
13,outer,0.8762400150299072,0.01631901033098638,False,0.9900215583615645
14,centre,0.8113822937011719,0.0,False,1.0
14,inner,0.8529937267303467,0.02486559139784946,False,1.0
14,middle,0.8688216209411621,0.01524621212121212,False,1.0
14,outer,0.8799254894256592,0.023228268737250774,False,0.9890360332614722
15,centre,0.830030620098114,0.0,False,1.0
15,inner,0.8762556910514832,0.0005040322580645161,False,1.0
15,middle,0.881896436214447,0.007481060606060606,False,1.0
15,outer,0.8529576659202576,0.04086332828847799,False,0.9855866954111487
16,centre,0.8415278792381287,0.0,False,1.0
16,inner,0.8639482259750366,0.00016801075268817206,False,1.0
16,middle,0.8824000358581543,0.001893939393939394,False,1.0
16,outer,0.856915295124054,0.04283740211883925,False,0.9791191869417925
