representation,region,support_mode,trace_type,status,reasons,finite_frames,q10,q50,q90,bright_excursion,dark_excursion,total_excursion,mad_scale,persistent_support_fraction
whole_stone,whole_stone,fixed,raw,ok,,33,0.7681631326675415,0.7767380475997925,0.7887008905410766,0.011962842941284135,0.008574914932250932,0.020537757873535067,0.010835291969776152,
coarse,centre,fixed,raw,ok,,33,0.703683614730835,0.7280117869377136,0.7710936546325684,0.04308186769485478,0.024328172206878662,0.06741003990173344,0.025332011783123016,1.0
coarse,centre,fixed,relative,ok,,33,-0.09028295436358555,-0.05898069661568339,-0.005387531355846785,0.05359316525983661,0.03130225774790216,0.08489542300773877,0.03421170678250393,1.0
coarse,centre,dynamic,raw,ok,,33,0.703683614730835,0.7280117869377136,0.7710936546325684,0.04308186769485478,0.024328172206878662,0.06741003990173344,0.025332011783123016,1.0
coarse,centre,dynamic,relative,ok,,33,-0.09028295436358555,-0.05898069661568339,-0.005387531355846785,0.05359316525983661,0.03130225774790216,0.08489542300773877,0.03421170678250393,1.0
coarse,inner,fixed,raw,ok,,33,0.7373924851417542,0.7610675096511841,0.7718920946121216,0.010824584960937522,0.02367502450942993,0.034499609470367454,0.012497882258892059,1.0
coarse,inner,fixed,relative,ok,,33,-0.04569186782975325,-0.02379311325160821,-0.01092589856493472,0.01286721468667349,0.021898754578145038,0.03476596926481853,0.013788107808371107,1.0
coarse,inner,dynamic,raw,ok,,33,0.7373924851417542,0.7610675096511841,0.7718920946121216,0.010824584960937522,0.02367502450942993,0.034499609470367454,0.012497882258892059,1.0
coarse,inner,dynamic,relative,ok,,33,-0.04569186782975325,-0.02379311325160821,-0.01092589856493472,0.01286721468667349,0.021898754578145038,0.03476596926481853,0.013788107808371107,1.0
coarse,middle,fixed,raw,ok,,33,0.7712238550186157,0.788817286491394,0.8018844246864318,0.013067138195037797,0.017593431472778365,0.030660569667816162,0.01368071265220642,0.9947916666666666
coarse,middle,fixed,relative,ok,,33,0.0036927310965820916,0.009708813410609557,0.02654489566957994,0.016836082258970382,0.006016082314027465,0.02285216457299785,0.008841845189968727,0.9947916666666666
coarse,middle,dynamic,raw,ok,,33,0.7713371157646179,0.788817286491394,0.8018577694892883,0.013040482997894287,0.0174801707267761,0.030520653724670388,0.01385855696797371,0.9947916666666666
coarse,middle,dynamic,relative,ok,,33,0.0037154956303051658,0.009635421419823653,0.02656310065230282,0.016927679232479165,0.005919925789518487,0.022847605021997654,0.008564280735940398,0.9947916666666666
coarse,outer,fixed,raw,ok,,33,0.7901879608631134,0.7963773012161255,0.8092245697975159,0.012847268581390403,0.006189340353012107,0.01903660893440251,0.011705027997493744,0.2951931226540743
coarse,outer,fixed,relative,ok,,33,0.009964581565011949,0.026623480541574457,0.046413196911317504,0.019789716369743048,0.01665889897656251,0.03644861534630556,0.012480543873230582,0.2951931226540743
coarse,outer,dynamic,raw,ok,,33,0.7852240264415741,0.7921569347381592,0.798417592048645,0.006260657310485862,0.006932908296585105,0.013193565607070967,0.004354866027832031,0.2951931226540743
coarse,outer,dynamic,relative,ok,,33,0.0039578707470933954,0.01981403890876568,0.03705419972780919,0.01724016081904351,0.015856168161672284,0.033096328980715795,0.009771607462759506,0.2951931226540743
