certificate,window,support_mode,threshold,status,active_frame_fraction,median_active_fraction,median_largest_component_fraction,q10_largest_component_fraction,q90_largest_component_fraction,median_effective_component_count,q90_effective_component_count,median_boundary_active_fraction,persistent_support_fraction
IGI-LG756580087,core,fixed,0.75,ok,1.0,0.20917714371753368,0.27770968306776395,0.2234020919917471,0.3081768899128335,9.716921120193382,13.538892727219874,0.024893435635123615,0.7722000988285905
IGI-LG756580087,core,fixed,1.00,ok,1.0,0.15794624708273733,0.34354543074103167,0.26490331819215795,0.3662479365524297,7.351860729229834,10.597948078735437,0.020942408376963352,0.7722000988285905
IGI-LG756580087,core,fixed,1.25,ok,1.0,0.12741850485583076,0.4276094276094276,0.3437129344248756,0.4480915290583198,5.1193110463757225,7.178294326921586,0.01634472511144131,0.7722000988285905
IGI-LG756580087,core,dynamic,0.75,ok,1.0,0.21047951925435368,0.24169685990338163,0.2113811708855417,0.25309929065540254,12.569009762392858,14.800387850119849,0.010999083409715857,0.7722000988285905
IGI-LG756580087,core,dynamic,1.00,ok,1.0,0.1551999018886436,0.28845360824742267,0.24995084835296622,0.3072764481688832,9.564858987281095,11.600403932689483,0.00939334637964775,0.7722000988285905
IGI-LG756580087,core,dynamic,1.25,ok,1.0,0.1210621342298593,0.3698184773774045,0.3234705675363193,0.38684496846063304,6.7085859284708675,7.929011261509983,0.007456929802005657,0.7722000988285905
IGI-LG756580087,wide,fixed,0.75,ok,1.0,0.23905694340782369,0.2648934232100565,0.2083806554544894,0.3482718751437682,8.963948205549435,12.125887323827639,0.02717391304347826,0.660700818007774
IGI-LG756580087,wide,fixed,1.00,ok,1.0,0.17728410238398384,0.31105651105651105,0.24097016574159733,0.4107635970242627,7.848950213664214,10.860133829345806,0.025602857993450433,0.660700818007774
IGI-LG756580087,wide,fixed,1.25,ok,1.0,0.13434605084076043,0.3848537005163511,0.28081151393353915,0.49298057932850564,5.66125426141953,8.601847538618014,0.022375215146299483,0.660700818007774
IGI-LG756580087,wide,dynamic,0.75,ok,1.0,0.22912515848578155,0.22251524641503215,0.18109013084526607,0.2603841249157743,13.40169883086014,15.829626201994431,0.011420525657071339,0.660700818007774
IGI-LG756580087,wide,dynamic,1.00,ok,1.0,0.16958187572880226,0.26255753452071245,0.2095743485496981,0.30496622401360535,9.971560877414266,13.891915174858507,0.009163346613545816,0.660700818007774
IGI-LG756580087,wide,dynamic,1.25,ok,1.0,0.12515333123050504,0.329891584925142,0.25167508022559265,0.38783960419661234,7.811192260401142,10.574330211502087,0.00737230121116377,0.660700818007774
IGI-LG756520111,core,fixed,0.75,review,1.0,0.1735661732115947,0.143132344442304,0.09329596029261794,0.1790809034287902,21.51087308159648,25.960907874431616,0.028433568843701535,0.9585351346758433
IGI-LG756520111,core,fixed,1.00,review,0.7647058823529411,0.10959430310551665,0.12614789753504108,0.1019955220115508,0.17427784426986523,22.2913303290034,28.458249914764842,0.026961445133459154,0.9585351346758433
IGI-LG756520111,core,fixed,1.25,review,0.4117647058823529,0.054959666696214875,0.1774600504625736,0.156509526340822,0.2613249984729316,15.144325474299821,15.780414791584718,0.017204301075268817,0.9585351346758433
IGI-LG756520111,core,dynamic,0.75,review,1.0,0.1729811584495763,0.1426925292874976,0.09275362506465787,0.1791063838220669,21.551544425001484,26.236408202103515,0.008514261387824606,0.9585351346758433
IGI-LG756520111,core,dynamic,1.00,review,0.7647058823529411,0.10849497546155644,0.12608695652173912,0.1018742353248662,0.17427784426986523,22.350669473965837,28.81070221626484,0.009458297506448839,0.9585351346758433
IGI-LG756520111,core,dynamic,1.25,review,0.4117647058823529,0.054252712635631785,0.1770877045740663,0.156509526340822,0.2611810693843362,15.144325474299821,15.867157498937924,0.004644681839294009,0.9585351346758433
IGI-LG756520111,wide,fixed,0.75,review,1.0,0.18197078023002797,0.17626280466266336,0.10970788405141893,0.33493882819806325,15.056562107232935,23.45042371140573,0.026697053556894026,0.909656439983034
IGI-LG756520111,wide,fixed,1.00,review,0.7878787878787878,0.10960522225676096,0.1499015568650086,0.11216737624430623,0.17965200673176385,20.178979225218768,25.660978238482638,0.027043197710266913,0.909656439983034
IGI-LG756520111,wide,fixed,1.25,review,0.3939393939393939,0.06223189306807585,0.1938061938061938,0.16671061953970573,0.27238453673287355,11.655950618233566,14.750723766414339,0.030415125359638306,0.909656439983034
IGI-LG756520111,wide,dynamic,0.75,review,1.0,0.18463758725296733,0.1741756447926869,0.10115771053178722,0.32267581504606235,16.19464906565868,24.78837010741237,0.009211444521981856,0.909656439983034
IGI-LG756520111,wide,dynamic,1.00,review,0.7878787878787878,0.11124848587322604,0.14419020776220176,0.10187254822632678,0.1713098537811138,21.406166586021175,28.638999098692775,0.0076313201354480005,0.909656439983034
IGI-LG756520111,wide,dynamic,1.25,review,0.3939393939393939,0.0652723311546841,0.17516930022573363,0.15363874098389452,0.24085684641402777,13.81492304535194,16.473389826069,0.005378568473314025,0.909656439983034
IGI-LG818659722,core,fixed,0.75,review,1.0,0.1556643641980706,0.15862349826919162,0.09012205162060329,0.22886847864884566,18.653199916848795,28.914504810565465,0.030480419862737182,0.9729476818375159
IGI-LG818659722,core,fixed,1.00,review,1.0,0.05359797149602168,0.19230769230769232,0.12127448999488284,0.32478725529107905,16.087577344121847,24.622067372231818,0.021315192743764172,0.9729476818375159
IGI-LG818659722,core,fixed,1.25,review,0.058823529411764705,0.03375010929439538,0.31001727115716754,0.31001727115716754,0.31001727115716754,6.627346321501648,6.627346321501648,0.0017271157167530224,0.9729476818375159
IGI-LG818659722,core,dynamic,0.75,review,1.0,0.15609472613685893,0.157980125735145,0.08991094688911283,0.2267912830246656,18.859443721424093,29.037881723693957,0.029970215934475054,0.9729476818375159
IGI-LG818659722,core,dynamic,1.00,review,1.0,0.05404306011564053,0.19146608315098468,0.1208024241890745,0.3228219029547303,16.211523160815823,24.885624667534373,0.025167785234899327,0.9729476818375159
IGI-LG818659722,core,dynamic,1.25,review,0.058823529411764705,0.0333640393805055,0.3097497842968076,0.3097497842968076,0.3097497842968076,6.638764647448094,6.638764647448094,0.001725625539257981,0.9729476818375159
IGI-LG818659722,wide,fixed,0.75,review,1.0,0.17630380357735348,0.18805848903330624,0.11520543462921357,0.28405129759678693,13.2959659422434,25.1590859817977,0.025512934879571812,0.9303232686047817
IGI-LG818659722,wide,fixed,1.00,review,1.0,0.06958646276355081,0.22276645768025077,0.1338485553373141,0.3922884001444791,11.860079437269675,19.47065266889887,0.025495750708215296,0.9303232686047817
IGI-LG818659722,wide,fixed,1.25,review,0.15151515151515152,0.0035592555726480257,0.28,0.2016364699006429,0.3820915926179084,6.188118811881188,14.052973726722907,0.03879310344827586,0.9303232686047817
IGI-LG818659722,wide,dynamic,0.75,review,1.0,0.1759264612360525,0.1843693421846711,0.10784011461140648,0.277617573763302,13.779466727724031,26.618814070175592,0.029878618113912233,0.9303232686047817
IGI-LG818659722,wide,dynamic,1.00,review,1.0,0.07164451542981005,0.2113564668769716,0.12853861908801878,0.38946293969849255,13.135822953849962,20.875142967667923,0.02958076186422643,0.9303232686047817
IGI-LG818659722,wide,dynamic,1.25,review,0.15151515151515152,0.0059795889032629,0.2692307692307692,0.18512537186570335,0.35967957276368495,6.6274509803921555,15.661709043269969,0.02870493991989319,0.9303232686047817
IGI-LG836619414,core,fixed,0.75,ok,1.0,0.19637523209816743,0.1269971323228185,0.09857817309689725,0.19442754138440538,19.204339951320858,27.26585091150353,0.04700328407224959,0.7299566869972598
IGI-LG836619414,core,fixed,1.00,ok,1.0,0.13736175022200695,0.11091954022988505,0.08105013266303589,0.14298271702851856,23.771331660954665,28.927043472911894,0.045541838134430725,0.7299566869972598
IGI-LG836619414,core,fixed,1.25,ok,1.0,0.08884314200371357,0.11389802631578948,0.09322036705757636,0.1403749590566449,21.818578032984938,25.630131652641253,0.04274937133277452,0.7299566869972598
IGI-LG836619414,core,dynamic,0.75,ok,1.0,0.21436976987447698,0.18921541447186027,0.12904196207837296,0.2661656597692036,14.610263569542333,17.679184807458533,0.01734620886981402,0.7299566869972598
IGI-LG836619414,core,dynamic,1.00,ok,1.0,0.15421947557697008,0.10951299520565229,0.09898808584625761,0.18958872800103121,21.92061236650318,24.636260749974607,0.016856600189933523,0.7299566869972598
IGI-LG836619414,core,dynamic,1.25,ok,1.0,0.09756726276784276,0.12154096581660337,0.10007630286090985,0.1497457755433305,23.43430437429662,27.615638079641226,0.013780260707635009,0.7299566869972598
IGI-LG836619414,wide,fixed,0.75,ok,1.0,0.20813420462303717,0.12375690607734807,0.09080112016002422,0.19275273205841478,18.975973594396663,24.016410937139646,0.047777040477770406,0.6026922172584058
IGI-LG836619414,wide,fixed,1.00,ok,1.0,0.15117526577587048,0.11206012982576016,0.08226190847196453,0.1316907237956453,23.469344533095953,27.791959337365483,0.04696745562130177,0.6026922172584058
IGI-LG836619414,wide,fixed,1.25,ok,1.0,0.11762411001658052,0.10736639383726529,0.0869500733155453,0.13653004532092847,23.540820374992006,28.333576708585674,0.04481579946828713,0.6026922172584058
IGI-LG836619414,wide,dynamic,0.75,ok,1.0,0.2264550965647464,0.15701906412478336,0.10858563707914241,0.2674723903147115,14.808419551140805,21.967464351799308,0.019120161666407585,0.6026922172584058
IGI-LG836619414,wide,dynamic,1.00,ok,1.0,0.17048490515629175,0.11647798742138364,0.09218286388065515,0.18864511612475116,21.363734315804113,30.633519151538742,0.01843506759524785,0.6026922172584058
IGI-LG836619414,wide,dynamic,1.25,ok,1.0,0.131359714370723,0.11105792245093346,0.0869910061046647,0.16135775073532554,26.330564784053163,31.709148659345193,0.017548019919373964,0.6026922172584058
