certificate,window,threshold,representation,region,support_mode,status,reasons,finite_frames,mean,median,q10,q50,q90,persistent_support_fraction
IGI-LG756580087,core,0.6,coarse,centre,fixed,ok,,17,0.04008473195372332,0.031163434903047092,0.011911357340720222,0.031163434903047092,0.08060941828254847,1.0
IGI-LG756580087,core,0.65,coarse,centre,fixed,ok,,17,0.048028352615284334,0.037396121883656507,0.014542936288088644,0.037396121883656507,0.09085872576177285,1.0
IGI-LG756580087,core,0.7,coarse,centre,fixed,ok,,17,0.05853837379827277,0.04778393351800554,0.016759002770083103,0.04778393351800554,0.10277008310249308,1.0
IGI-LG756580087,core,0.6,coarse,centre,dynamic,ok,,17,0.04008473195372332,0.031163434903047092,0.011911357340720222,0.031163434903047092,0.08060941828254847,1.0
IGI-LG756580087,core,0.65,coarse,centre,dynamic,ok,,17,0.048028352615284334,0.037396121883656507,0.014542936288088644,0.037396121883656507,0.09085872576177285,1.0
IGI-LG756580087,core,0.7,coarse,centre,dynamic,ok,,17,0.05853837379827277,0.04778393351800554,0.016759002770083103,0.04778393351800554,0.10277008310249308,1.0
IGI-LG756580087,core,0.6,coarse,inner,fixed,ok,,17,0.0680048228969007,0.07426075268817205,0.022782258064516128,0.07426075268817205,0.10467069892473119,1.0
IGI-LG756580087,core,0.65,coarse,inner,fixed,ok,,17,0.07776921252371916,0.08585349462365591,0.028125000000000004,0.08585349462365591,0.11575940860215053,1.0
IGI-LG756580087,core,0.7,coarse,inner,fixed,ok,,17,0.09013282732447818,0.09895833333333333,0.0582997311827957,0.09895833333333333,0.125,1.0
IGI-LG756580087,core,0.6,coarse,inner,dynamic,ok,,17,0.0680048228969007,0.07426075268817205,0.022782258064516128,0.07426075268817205,0.10467069892473119,1.0
IGI-LG756580087,core,0.65,coarse,inner,dynamic,ok,,17,0.07776921252371916,0.08585349462365591,0.028125000000000004,0.08585349462365591,0.11575940860215053,1.0
IGI-LG756580087,core,0.7,coarse,inner,dynamic,ok,,17,0.09013282732447818,0.09895833333333333,0.0582997311827957,0.09895833333333333,0.125,1.0
IGI-LG756580087,core,0.6,coarse,middle,fixed,ok,,17,0.0800857843137255,0.06922348484848485,0.052083333333333336,0.06922348484848485,0.11725378787878787,1.0
IGI-LG756580087,core,0.65,coarse,middle,fixed,ok,,17,0.11214349376114083,0.0915719696969697,0.0737310606060606,0.0915719696969697,0.16640151515151516,1.0
IGI-LG756580087,core,0.7,coarse,middle,fixed,ok,,17,0.14011809269162212,0.12992424242424241,0.09215909090909091,0.12992424242424241,0.19323863636363636,1.0
IGI-LG756580087,core,0.6,coarse,middle,dynamic,ok,,17,0.0800857843137255,0.06922348484848485,0.052083333333333336,0.06922348484848485,0.11725378787878787,1.0
IGI-LG756580087,core,0.65,coarse,middle,dynamic,ok,,17,0.11214349376114083,0.0915719696969697,0.0737310606060606,0.0915719696969697,0.16640151515151516,1.0
IGI-LG756580087,core,0.7,coarse,middle,dynamic,ok,,17,0.14011809269162212,0.12992424242424241,0.09215909090909091,0.12992424242424241,0.19323863636363636,1.0
IGI-LG756580087,core,0.6,coarse,outer,fixed,ok,,17,0.09215003074400492,0.09303135888501742,0.05331010452961672,0.09303135888501742,0.11821138211382114,0.5234997263938712
IGI-LG756580087,core,0.65,coarse,outer,fixed,ok,,17,0.11907494705199152,0.12833914053426249,0.061207897793263646,0.12833914053426249,0.16118466898954703,0.5234997263938712
IGI-LG756580087,core,0.7,coarse,outer,fixed,ok,,17,0.13862813418050146,0.1397212543554007,0.07444831591173055,0.1397212543554007,0.18515679442508712,0.5234997263938712
IGI-LG756580087,core,0.6,coarse,outer,dynamic,ok,,17,0.06521716893767247,0.061186903137789905,0.04479111292658556,0.061186903137789905,0.08422837987308193,0.5234997263938712
IGI-LG756580087,core,0.65,coarse,outer,dynamic,ok,,17,0.08395772076585321,0.08732412973115794,0.05134375826907551,0.08732412973115794,0.10869668795616265,0.5234997263938712
IGI-LG756580087,core,0.7,coarse,outer,dynamic,ok,,17,0.09948291441601306,0.10365701965337093,0.06391041160178446,0.10365701965337093,0.12653330111194291,0.5234997263938712
IGI-LG756580087,core,0.6,semantic,centre,fixed,ok,,17,0.05975765986975552,0.058832425892317,0.025952813067150634,0.058832425892317,0.09295220810647309,0.7808219178082192
IGI-LG756580087,core,0.65,semantic,centre,fixed,ok,,17,0.0681470410305683,0.07078039927404718,0.03750756200846945,0.07078039927404718,0.10081669691470055,0.7808219178082192
IGI-LG756580087,core,0.7,semantic,centre,fixed,ok,,17,0.07938329596811501,0.08121597096188747,0.05420447670901391,0.08121597096188747,0.10934664246823957,0.7808219178082192
IGI-LG756580087,core,0.6,semantic,centre,dynamic,ok,,17,0.06448864182568285,0.07335228041683584,0.02387846330267925,0.07335228041683584,0.09659392417075008,0.7808219178082192
IGI-LG756580087,core,0.65,semantic,centre,dynamic,ok,,17,0.07380092156270775,0.08635131805863513,0.033167753160669486,0.08635131805863513,0.10575496634894921,0.7808219178082192
IGI-LG756580087,core,0.7,semantic,centre,dynamic,ok,,17,0.08556568301498094,0.09386548410938655,0.04931644861559033,0.09386548410938655,0.11632491782645632,0.7808219178082192
IGI-LG756580087,core,0.6,semantic,inner_step,fixed,ok,,17,0.07116782477825098,0.0605606967882417,0.04390310288513881,0.0605606967882417,0.11284703320631465,0.5406121247792819
IGI-LG756580087,core,0.65,semantic,inner_step,fixed,ok,,17,0.10400589195939672,0.0919978225367447,0.05582471420794774,0.0919978225367447,0.16475231355470876,0.5406121247792819
IGI-LG756580087,core,0.7,semantic,inner_step,fixed,ok,,17,0.1336338019148868,0.12030484485574305,0.08247142079477408,0.12030484485574305,0.19221556886227545,0.5406121247792819
IGI-LG756580087,core,0.6,semantic,inner_step,dynamic,ok,,17,0.07563222241775099,0.0713794796269023,0.053886138791240004,0.0713794796269023,0.10431084008857427,0.5406121247792819
IGI-LG756580087,core,0.65,semantic,inner_step,dynamic,ok,,17,0.10865276603899748,0.09630146545708304,0.07221158829733779,0.09630146545708304,0.15497861553743666,0.5406121247792819
IGI-LG756580087,core,0.7,semantic,inner_step,dynamic,ok,,17,0.13714216916473781,0.12468415091051668,0.09086459659858141,0.12468415091051668,0.18371587721862484,0.5406121247792819
IGI-LG756580087,core,0.6,semantic,middle_step,fixed,ok,,17,0.1315714691673771,0.14251207729468598,0.063768115942029,0.14251207729468598,0.19106280193236716,0.07798813224074597
IGI-LG756580087,core,0.65,semantic,middle_step,fixed,ok,,17,0.16190679170218814,0.15821256038647344,0.10169082125603866,0.15821256038647344,0.21473429951690823,0.07798813224074597
IGI-LG756580087,core,0.7,semantic,middle_step,fixed,ok,,17,0.18712702472293263,0.20169082125603865,0.10652173913043478,0.20169082125603865,0.2538647342995169,0.07798813224074597
IGI-LG756580087,core,0.6,semantic,middle_step,dynamic,ok,,17,0.12837775768738266,0.11943793911007025,0.10873872168591078,0.11943793911007025,0.1532956394386151,0.07798813224074597
IGI-LG756580087,core,0.65,semantic,middle_step,dynamic,ok,,17,0.16070610274966657,0.16063348416289594,0.13408259549254603,0.16063348416289594,0.1957633202331269,0.07798813224074597
IGI-LG756580087,core,0.7,semantic,middle_step,dynamic,ok,,17,0.18169884041628076,0.17921635434412267,0.14411499320946217,0.17921635434412267,0.22217570728179556,0.07798813224074597
IGI-LG756580087,core,0.6,semantic,outer_step,fixed,ok,,17,0.020399080186929753,0.013871374527112233,0.0,0.013871374527112233,0.05044136191677176,0.05774832508010486
IGI-LG756580087,core,0.65,semantic,outer_step,fixed,ok,,17,0.028187819894666573,0.027742749054224466,0.0025220680958385876,0.027742749054224466,0.05800756620428752,0.05774832508010486
IGI-LG756580087,core,0.7,semantic,outer_step,fixed,ok,,17,0.04287515762925599,0.04287515762925599,0.011601513240857505,0.04287515762925599,0.07742749054224464,0.05774832508010486
IGI-LG756580087,core,0.6,semantic,outer_step,dynamic,ok,,17,0.017758108558435074,0.014352707119511155,0.0062973038501458545,0.014352707119511155,0.03209237538376193,0.05774832508010486
IGI-LG756580087,core,0.65,semantic,outer_step,dynamic,ok,,17,0.025039632097477102,0.023340406183692028,0.013088479551815435,0.023340406183692028,0.040028618643036404,0.05774832508010486
IGI-LG756580087,core,0.7,semantic,outer_step,dynamic,ok,,17,0.035516664671109394,0.03713246438314641,0.023163595466903344,0.03713246438314641,0.04924761126742621,0.05774832508010486
IGI-LG756580087,wide,0.6,coarse,centre,fixed,ok,,33,0.04732225300092336,0.035318559556786706,0.00886426592797784,0.035318559556786706,0.10387811634349031,1.0
IGI-LG756580087,wide,0.65,coarse,centre,fixed,ok,,33,0.05525476370351716,0.04847645429362881,0.012603878116343491,0.04847645429362881,0.11911357340720222,1.0
IGI-LG756580087,wide,0.7,coarse,centre,fixed,ok,,33,0.06606228489885,0.054016620498614956,0.01481994459833795,0.054016620498614956,0.12825484764542938,1.0
IGI-LG756580087,wide,0.6,coarse,centre,dynamic,ok,,33,0.04732225300092336,0.035318559556786706,0.00886426592797784,0.035318559556786706,0.10387811634349031,1.0
IGI-LG756580087,wide,0.65,coarse,centre,dynamic,ok,,33,0.05525476370351716,0.04847645429362881,0.012603878116343491,0.04847645429362881,0.11911357340720222,1.0
IGI-LG756580087,wide,0.7,coarse,centre,dynamic,ok,,33,0.06606228489885,0.054016620498614956,0.01481994459833795,0.054016620498614956,0.12825484764542938,1.0
IGI-LG756580087,wide,0.6,coarse,inner,fixed,ok,,33,0.06442957803844901,0.06418010752688172,0.011559139784946238,0.06418010752688172,0.11159274193548387,1.0
IGI-LG756580087,wide,0.65,coarse,inner,fixed,ok,,33,0.07285557184750734,0.07123655913978495,0.015524193548387097,0.07123655913978495,0.1198252688172043,1.0
IGI-LG756580087,wide,0.7,coarse,inner,fixed,ok,,33,0.08409192733789507,0.07610887096774194,0.028158602150537636,0.07610887096774194,0.13155241935483872,1.0
IGI-LG756580087,wide,0.6,coarse,inner,dynamic,ok,,33,0.06442957803844901,0.06418010752688172,0.011559139784946238,0.06418010752688172,0.11159274193548387,1.0
IGI-LG756580087,wide,0.65,coarse,inner,dynamic,ok,,33,0.07285557184750734,0.07123655913978495,0.015524193548387097,0.07123655913978495,0.1198252688172043,1.0
IGI-LG756580087,wide,0.7,coarse,inner,dynamic,ok,,33,0.08409192733789507,0.07610887096774194,0.028158602150537636,0.07610887096774194,0.13155241935483872,1.0
IGI-LG756580087,wide,0.6,coarse,middle,fixed,ok,,33,0.07624652041596354,0.07415516420752023,0.04755830556877678,0.07415516420752023,0.10511185149928606,0.9947916666666666
IGI-LG756580087,wide,0.65,coarse,middle,fixed,ok,,33,0.10232356886331184,0.09604950023798191,0.07008091385054735,0.09604950023798191,0.14560685387910519,0.9947916666666666
IGI-LG756580087,wide,0.7,coarse,middle,fixed,ok,,33,0.12640156923831364,0.12203712517848643,0.08270347453593527,0.12203712517848643,0.1777629700142789,0.9947916666666666
IGI-LG756580087,wide,0.6,coarse,middle,dynamic,ok,,33,0.0762210581171417,0.07378291343057397,0.04888257575757576,0.07378291343057397,0.10539772727272728,0.9947916666666666
IGI-LG756580087,wide,0.65,coarse,middle,dynamic,ok,,33,0.1023050871511835,0.09582146248812916,0.0709280303030303,0.09582146248812916,0.1455871212121212,0.9947916666666666
IGI-LG756580087,wide,0.7,coarse,middle,dynamic,ok,,33,0.12636122020372015,0.1215909090909091,0.0825189393939394,0.1215909090909091,0.1772159090909091,0.9947916666666666
IGI-LG756580087,wide,0.6,coarse,outer,fixed,ok,,33,0.09305317324185249,0.08654634946677604,0.03658736669401148,0.08654634946677604,0.16907301066447908,0.2951931226540743
IGI-LG756580087,wide,0.65,coarse,outer,fixed,ok,,33,0.12164093767867354,0.10931091058244463,0.05151763740771124,0.10931091058244463,0.20713699753896636,0.2951931226540743
IGI-LG756580087,wide,0.7,coarse,outer,fixed,ok,,33,0.14424391577796006,0.12817883511074651,0.06419196062346186,0.12817883511074651,0.24191960623461856,0.2951931226540743
IGI-LG756580087,wide,0.6,coarse,outer,dynamic,ok,,33,0.049315162867598,0.04627518053971874,0.025235258333370206,0.04627518053971874,0.07813905182816212,0.2951931226540743
IGI-LG756580087,wide,0.65,coarse,outer,dynamic,ok,,33,0.06573230810871711,0.06207402747195135,0.0365916628953139,0.06207402747195135,0.10010003951083045,0.2951931226540743
IGI-LG756580087,wide,0.7,coarse,outer,dynamic,ok,,33,0.08199373081030217,0.07651928124369069,0.05099955804504047,0.07651928124369069,0.1160879046528995,0.2951931226540743
IGI-LG756520111,core,0.6,coarse,centre,fixed,review,foreground_or_nonuniformity_on_border;outline_near_image_edge,17,0.030470914127423827,0.018005540166204988,0.0,0.018005540166204988,0.08559556786703602,1.0
IGI-LG756520111,core,0.65,coarse,centre,fixed,review,foreground_or_nonuniformity_on_border;outline_near_image_edge,17,0.04277334202379013,0.04016620498614958,0.0,0.04016620498614958,0.09556786703601108,1.0
IGI-LG756520111,core,0.7,coarse,centre,fixed,review,foreground_or_nonuniformity_on_border;outline_near_image_edge,17,0.05519797946879584,0.05263157894736842,0.0,0.05263157894736842,0.10803324099722993,1.0
IGI-LG756520111,core,0.6,coarse,centre,dynamic,review,foreground_or_nonuniformity_on_border;outline_near_image_edge,17,0.030470914127423827,0.018005540166204988,0.0,0.018005540166204988,0.08559556786703602,1.0
IGI-LG756520111,core,0.65,coarse,centre,dynamic,review,foreground_or_nonuniformity_on_border;outline_near_image_edge,17,0.04277334202379013,0.04016620498614958,0.0,0.04016620498614958,0.09556786703601108,1.0
IGI-LG756520111,core,0.7,coarse,centre,dynamic,review,foreground_or_nonuniformity_on_border;outline_near_image_edge,17,0.05519797946879584,0.05263157894736842,0.0,0.05263157894736842,0.10803324099722993,1.0
IGI-LG756520111,core,0.6,coarse,inner,fixed,review,foreground_or_nonuniformity_on_border;outline_near_image_edge,17,0.06969481340923467,0.06754032258064516,0.0,0.06754032258064516,0.17086693548387097,1.0
IGI-LG756520111,core,0.65,coarse,inner,fixed,review,foreground_or_nonuniformity_on_border;outline_near_image_edge,17,0.08233515180265655,0.07862903225806452,0.0,0.07862903225806452,0.1928763440860215,1.0
IGI-LG756520111,core,0.7,coarse,inner,fixed,review,foreground_or_nonuniformity_on_border;outline_near_image_edge,17,0.09971932321315623,0.09274193548387097,0.0,0.09274193548387097,0.2097782258064516,1.0
IGI-LG756520111,core,0.6,coarse,inner,dynamic,review,foreground_or_nonuniformity_on_border;outline_near_image_edge,17,0.06969481340923467,0.06754032258064516,0.0,0.06754032258064516,0.17086693548387097,1.0
IGI-LG756520111,core,0.65,coarse,inner,dynamic,review,foreground_or_nonuniformity_on_border;outline_near_image_edge,17,0.08233515180265655,0.07862903225806452,0.0,0.07862903225806452,0.1928763440860215,1.0
IGI-LG756520111,core,0.7,coarse,inner,dynamic,review,foreground_or_nonuniformity_on_border;outline_near_image_edge,17,0.09971932321315623,0.09274193548387097,0.0,0.09274193548387097,0.2097782258064516,1.0
IGI-LG756520111,core,0.6,coarse,middle,fixed,review,foreground_or_nonuniformity_on_border;outline_near_image_edge,17,0.07480503565062388,0.07481060606060606,0.012064393939393939,0.07481060606060606,0.12912878787878787,1.0
IGI-LG756520111,core,0.65,coarse,middle,fixed,review,foreground_or_nonuniformity_on_border;outline_near_image_edge,17,0.09286987522281641,0.09602272727272727,0.018446969696969698,0.09602272727272727,0.15263257575757577,1.0
IGI-LG756520111,core,0.7,coarse,middle,fixed,review,foreground_or_nonuniformity_on_border;outline_near_image_edge,17,0.11306261140819963,0.11581439393939394,0.026875,0.11581439393939394,0.1752462121212121,1.0
IGI-LG756520111,core,0.6,coarse,middle,dynamic,review,foreground_or_nonuniformity_on_border;outline_near_image_edge,17,0.07480503565062388,0.07481060606060606,0.012064393939393939,0.07481060606060606,0.12912878787878787,1.0
IGI-LG756520111,core,0.65,coarse,middle,dynamic,review,foreground_or_nonuniformity_on_border;outline_near_image_edge,17,0.09286987522281641,0.09602272727272727,0.018446969696969698,0.09602272727272727,0.15263257575757577,1.0
IGI-LG756520111,core,0.7,coarse,middle,dynamic,review,foreground_or_nonuniformity_on_border;outline_near_image_edge,17,0.11306261140819963,0.11581439393939394,0.026875,0.11581439393939394,0.1752462121212121,1.0
IGI-LG756520111,core,0.6,coarse,outer,fixed,review,foreground_or_nonuniformity_on_border;outline_near_image_edge,17,0.08337930753594318,0.05941965128721596,0.03741423805627243,0.05941965128721596,0.14021527034682446,0.9156244596853207
IGI-LG756520111,core,0.65,coarse,outer,fixed,review,foreground_or_nonuniformity_on_border;outline_near_image_edge,17,0.10308835562927884,0.07729590231006483,0.056511613268710265,0.07729590231006483,0.16159123811921697,0.9156244596853207
IGI-LG756520111,core,0.7,coarse,outer,fixed,review,foreground_or_nonuniformity_on_border;outline_near_image_edge,17,0.12415256276867138,0.09643104425001574,0.07224774973248568,0.09643104425001574,0.18528356517907724,0.9156244596853207
IGI-LG756520111,core,0.6,coarse,outer,dynamic,review,foreground_or_nonuniformity_on_border;outline_near_image_edge,17,0.08181924980703914,0.05808313378768343,0.03806362337372917,0.05808313378768343,0.13707589835981773,0.9156244596853207
IGI-LG756520111,core,0.65,coarse,outer,dynamic,review,foreground_or_nonuniformity_on_border;outline_near_image_edge,17,0.10124543178454816,0.07564315097930865,0.05544635267910242,0.07564315097930865,0.15825113652955158,0.9156244596853207
IGI-LG756520111,core,0.7,coarse,outer,dynamic,review,foreground_or_nonuniformity_on_border;outline_near_image_edge,17,0.1220000122144992,0.09436974273960827,0.07087957753790163,0.09436974273960827,0.18149524210552678,0.9156244596853207
IGI-LG756520111,core,0.6,semantic,centre,fixed,review,foreground_or_nonuniformity_on_border;outline_near_image_edge,17,0.062262722896672826,0.056922285126093666,0.0,0.056922285126093666,0.14373648996397323,0.977364185110664
IGI-LG756520111,core,0.65,semantic,centre,fixed,review,foreground_or_nonuniformity_on_border;outline_near_image_edge,17,0.07503254518482638,0.06731857951621205,0.0,0.06731857951621205,0.15625321667524447,0.977364185110664
IGI-LG756520111,core,0.7,semantic,centre,fixed,review,foreground_or_nonuniformity_on_border;outline_near_image_edge,17,0.09181072325996792,0.08522902727740607,0.0,0.08522902727740607,0.17130211013896038,0.977364185110664
IGI-LG756520111,core,0.6,semantic,centre,dynamic,review,foreground_or_nonuniformity_on_border;outline_near_image_edge,17,0.06233604727877268,0.05655553282879935,0.0,0.05655553282879935,0.1438506066658773,0.977364185110664
IGI-LG756520111,core,0.65,semantic,centre,dynamic,review,foreground_or_nonuniformity_on_border;outline_near_image_edge,17,0.07509880208740394,0.06688484352628349,0.0,0.06688484352628349,0.15665385241274288,0.977364185110664
IGI-LG756520111,core,0.7,semantic,centre,dynamic,review,foreground_or_nonuniformity_on_border;outline_near_image_edge,17,0.09182750522209977,0.08442088091353997,0.0,0.08442088091353997,0.1716193705614632,0.977364185110664
IGI-LG756520111,core,0.6,semantic,inner_step,fixed,review,foreground_or_nonuniformity_on_border;outline_near_image_edge,17,0.08193651199851108,0.07830729681629424,0.01914178366620526,0.07830729681629424,0.14122997824797312,0.9302796173657101
IGI-LG756520111,core,0.65,semantic,inner_step,fixed,review,foreground_or_nonuniformity_on_border;outline_near_image_edge,17,0.10053623980737242,0.0914573858018588,0.028257860391536483,0.0914573858018588,0.16976468261815306,0.9302796173657101
IGI-LG756520111,core,0.7,semantic,inner_step,fixed,review,foreground_or_nonuniformity_on_border;outline_near_image_edge,17,0.12065395665879561,0.10866126161755982,0.03911409926834091,0.10866126161755982,0.19343484279216927,0.9302796173657101
IGI-LG756520111,core,0.6,semantic,inner_step,dynamic,review,foreground_or_nonuniformity_on_border;outline_near_image_edge,17,0.08237217853391263,0.07738722344603008,0.02062776432452263,0.07738722344603008,0.14028785148137532,0.9302796173657101
IGI-LG756520111,core,0.65,semantic,inner_step,dynamic,review,foreground_or_nonuniformity_on_border;outline_near_image_edge,17,0.10089486771206273,0.09090909090909091,0.029152473024184087,0.09090909090909091,0.1682690127691147,0.9302796173657101
IGI-LG756520111,core,0.7,semantic,inner_step,dynamic,review,foreground_or_nonuniformity_on_border;outline_near_image_edge,17,0.12099164814848086,0.10779357054278356,0.0390670289071355,0.10779357054278356,0.19093194198540897,0.9302796173657101
IGI-LG756520111,core,0.6,semantic,middle_step,fixed,review,foreground_or_nonuniformity_on_border;outline_near_image_edge,17,0.12718822618125486,0.10100697134004648,0.03494965143299768,0.10100697134004648,0.24347017815646788,0.8461135142220475
IGI-LG756520111,core,0.65,semantic,middle_step,fixed,review,foreground_or_nonuniformity_on_border;outline_near_image_edge,17,0.1505536064154554,0.1281177381874516,0.05257939581719597,0.1281177381874516,0.2686289697908598,0.8461135142220475
IGI-LG756520111,core,0.7,semantic,middle_step,fixed,review,foreground_or_nonuniformity_on_border;outline_near_image_edge,17,0.17324463480202307,0.1515104570100697,0.07820294345468629,0.1515104570100697,0.2918667699457785,0.8461135142220475
IGI-LG756520111,core,0.6,semantic,middle_step,dynamic,review,foreground_or_nonuniformity_on_border;outline_near_image_edge,17,0.1212331131732362,0.09540034071550256,0.03392046332046332,0.09540034071550256,0.22859726980496936,0.8461135142220475
IGI-LG756520111,core,0.65,semantic,middle_step,dynamic,review,foreground_or_nonuniformity_on_border;outline_near_image_edge,17,0.14415875184591906,0.12152186257808063,0.05050225928137322,0.12152186257808063,0.2521997406726572,0.8461135142220475
IGI-LG756520111,core,0.7,semantic,middle_step,dynamic,review,foreground_or_nonuniformity_on_border;outline_near_image_edge,17,0.16648640313442398,0.14395229982964225,0.07617158014150512,0.14395229982964225,0.275782033261045,0.8461135142220475
IGI-LG756520111,core,0.6,semantic,outer_step,fixed,review,foreground_or_nonuniformity_on_border;outline_near_image_edge,17,0.037280366692131396,0.03538961038961039,0.020974025974025975,0.03538961038961039,0.06032467532467532,0.7453115547489413
IGI-LG756520111,core,0.65,semantic,outer_step,fixed,review,foreground_or_nonuniformity_on_border;outline_near_image_edge,17,0.05532849503437738,0.05551948051948052,0.030487012987012986,0.05551948051948052,0.08051948051948052,0.7453115547489413
IGI-LG756520111,core,0.7,semantic,outer_step,fixed,review,foreground_or_nonuniformity_on_border;outline_near_image_edge,17,0.0764992360580596,0.07954545454545454,0.04720779220779221,0.07954545454545454,0.09746753246753247,0.7453115547489413
IGI-LG756520111,core,0.6,semantic,outer_step,dynamic,review,foreground_or_nonuniformity_on_border;outline_near_image_edge,17,0.037009120515229414,0.036441893830703016,0.019842550916725495,0.036441893830703016,0.05798698336249661,0.7453115547489413
IGI-LG756520111,core,0.65,semantic,outer_step,dynamic,review,foreground_or_nonuniformity_on_border;outline_near_image_edge,17,0.05430879041834903,0.058522727272727275,0.028854274142503133,0.058522727272727275,0.07479540404703933,0.7453115547489413
IGI-LG756520111,core,0.7,semantic,outer_step,dynamic,review,foreground_or_nonuniformity_on_border;outline_near_image_edge,17,0.07467088623357299,0.07826704545454545,0.04421069383857633,0.07826704545454545,0.09433006696466296,0.7453115547489413
IGI-LG756520111,wide,0.6,coarse,centre,fixed,review,foreground_or_nonuniformity_on_border;outline_near_image_edge,33,0.0202719717955175,0.007617728531855956,0.0,0.007617728531855956,0.041135734072022166,1.0
IGI-LG756520111,wide,0.65,coarse,centre,fixed,review,foreground_or_nonuniformity_on_border;outline_near_image_edge,33,0.029043901620078902,0.015235457063711912,0.0,0.015235457063711912,0.05858725761772853,1.0
IGI-LG756520111,wide,0.7,coarse,centre,fixed,review,foreground_or_nonuniformity_on_border;outline_near_image_edge,33,0.04004029211785444,0.027008310249307478,0.0,0.027008310249307478,0.09002770083102493,1.0
IGI-LG756520111,wide,0.6,coarse,centre,dynamic,review,foreground_or_nonuniformity_on_border;outline_near_image_edge,33,0.0202719717955175,0.007617728531855956,0.0,0.007617728531855956,0.041135734072022166,1.0
IGI-LG756520111,wide,0.65,coarse,centre,dynamic,review,foreground_or_nonuniformity_on_border;outline_near_image_edge,33,0.029043901620078902,0.015235457063711912,0.0,0.015235457063711912,0.05858725761772853,1.0
IGI-LG756520111,wide,0.7,coarse,centre,dynamic,review,foreground_or_nonuniformity_on_border;outline_near_image_edge,33,0.04004029211785444,0.027008310249307478,0.0,0.027008310249307478,0.09002770083102493,1.0
IGI-LG756520111,wide,0.6,coarse,inner,fixed,review,foreground_or_nonuniformity_on_border;outline_near_image_edge,33,0.04201287064190291,0.014280913978494623,0.0,0.014280913978494623,0.15554435483870965,1.0
IGI-LG756520111,wide,0.65,coarse,inner,fixed,review,foreground_or_nonuniformity_on_border;outline_near_image_edge,33,0.05330013848159009,0.03125,0.0,0.03125,0.17029569892473118,1.0
IGI-LG756520111,wide,0.7,coarse,inner,fixed,review,foreground_or_nonuniformity_on_border;outline_near_image_edge,33,0.06891495601173021,0.04418682795698925,0.00010080645161290331,0.04418682795698925,0.20258736559139787,1.0
IGI-LG756520111,wide,0.6,coarse,inner,dynamic,review,foreground_or_nonuniformity_on_border;outline_near_image_edge,33,0.04201287064190291,0.014280913978494623,0.0,0.014280913978494623,0.15554435483870965,1.0
IGI-LG756520111,wide,0.65,coarse,inner,dynamic,review,foreground_or_nonuniformity_on_border;outline_near_image_edge,33,0.05330013848159009,0.03125,0.0,0.03125,0.17029569892473118,1.0
IGI-LG756520111,wide,0.7,coarse,inner,dynamic,review,foreground_or_nonuniformity_on_border;outline_near_image_edge,33,0.06891495601173021,0.04418682795698925,0.00010080645161290331,0.04418682795698925,0.20258736559139787,1.0
IGI-LG756520111,wide,0.6,coarse,middle,fixed,review,foreground_or_nonuniformity_on_border;outline_near_image_edge,33,0.05278351698806245,0.033238636363636366,0.008295454545454547,0.033238636363636366,0.12168560606060606,1.0
IGI-LG756520111,wide,0.65,coarse,middle,fixed,review,foreground_or_nonuniformity_on_border;outline_near_image_edge,33,0.06981749311294765,0.05464015151515152,0.018238636363636363,0.05464015151515152,0.1456060606060606,1.0
IGI-LG756520111,wide,0.7,coarse,middle,fixed,review,foreground_or_nonuniformity_on_border;outline_near_image_edge,33,0.08992768595041323,0.07575757575757576,0.026477272727272728,0.07575757575757576,0.1671969696969697,1.0
IGI-LG756520111,wide,0.6,coarse,middle,dynamic,review,foreground_or_nonuniformity_on_border;outline_near_image_edge,33,0.05278351698806245,0.033238636363636366,0.008295454545454547,0.033238636363636366,0.12168560606060606,1.0
IGI-LG756520111,wide,0.65,coarse,middle,dynamic,review,foreground_or_nonuniformity_on_border;outline_near_image_edge,33,0.06981749311294765,0.05464015151515152,0.018238636363636363,0.05464015151515152,0.1456060606060606,1.0
IGI-LG756520111,wide,0.7,coarse,middle,dynamic,review,foreground_or_nonuniformity_on_border;outline_near_image_edge,33,0.08992768595041323,0.07575757575757576,0.026477272727272728,0.07575757575757576,0.1671969696969697,1.0
IGI-LG756520111,wide,0.6,coarse,outer,fixed,review,foreground_or_nonuniformity_on_border;outline_near_image_edge,33,0.06469080846455265,0.046784859997185874,0.025974391445054174,0.046784859997185874,0.14546222034613762,0.816474237463381
IGI-LG756520111,wide,0.65,coarse,outer,fixed,review,foreground_or_nonuniformity_on_border;outline_near_image_edge,33,0.08225565063893472,0.06381032784578584,0.036724356268467706,0.06381032784578584,0.16634304207119743,0.816474237463381
IGI-LG756520111,wide,0.7,coarse,outer,fixed,review,foreground_or_nonuniformity_on_border;outline_near_image_edge,33,0.10296719836610085,0.0818910932883073,0.0490080202617138,0.0818910932883073,0.18936260025327142,0.816474237463381
IGI-LG756520111,wide,0.6,coarse,outer,dynamic,review,foreground_or_nonuniformity_on_border;outline_near_image_edge,33,0.06160004170453769,0.04728905999358357,0.0256911305756247,0.04728905999358357,0.1302384944746441,0.816474237463381
IGI-LG756520111,wide,0.65,coarse,outer,dynamic,review,foreground_or_nonuniformity_on_border;outline_near_image_edge,33,0.0793324897636389,0.06574858326732069,0.03500404165786918,0.06574858326732069,0.1513698578631095,0.816474237463381
IGI-LG756520111,wide,0.7,coarse,outer,dynamic,review,foreground_or_nonuniformity_on_border;outline_near_image_edge,33,0.10022467030322252,0.08583578671900556,0.04958655993073216,0.08583578671900556,0.17553130893556348,0.816474237463381
IGI-LG756520111,wide,0.6,semantic,centre,fixed,review,foreground_or_nonuniformity_on_border;outline_near_image_edge,33,0.04504663259778486,0.0207839758776653,0.0,0.0207839758776653,0.1269653241438725,0.9228781554362949
IGI-LG756520111,wide,0.65,semantic,centre,fixed,review,foreground_or_nonuniformity_on_border;outline_near_image_edge,33,0.058941776150477417,0.04372173163902649,0.0,0.04372173163902649,0.14615550290760285,0.9228781554362949
IGI-LG756520111,wide,0.7,semantic,centre,fixed,review,foreground_or_nonuniformity_on_border;outline_near_image_edge,33,0.07700089414498203,0.06902864527245316,8.615119534783553e-05,0.06902864527245316,0.16920094766314883,0.9228781554362949
IGI-LG756520111,wide,0.6,semantic,centre,dynamic,review,foreground_or_nonuniformity_on_border;outline_near_image_edge,33,0.04556934974029809,0.022892819979188347,0.0,0.022892819979188347,0.1244507148560215,0.9228781554362949
IGI-LG756520111,wide,0.65,semantic,centre,dynamic,review,foreground_or_nonuniformity_on_border;outline_near_image_edge,33,0.05973875817936318,0.043359057676685624,0.0,0.043359057676685624,0.14121923750338308,0.9228781554362949
IGI-LG756520111,wide,0.7,semantic,centre,dynamic,review,foreground_or_nonuniformity_on_border;outline_near_image_edge,33,0.0778131198930088,0.0734059097978227,0.0010345876863779298,0.0734059097978227,0.16826535194959744,0.9228781554362949
IGI-LG756520111,wide,0.6,semantic,inner_step,fixed,review,foreground_or_nonuniformity_on_border;outline_near_image_edge,33,0.05193198433553849,0.022944550669216062,0.007040827803396693,0.022944550669216062,0.14428073332583513,0.7963278101209136
IGI-LG756520111,wide,0.65,semantic,inner_step,fixed,review,foreground_or_nonuniformity_on_border;outline_near_image_edge,33,0.06549012791280251,0.030930154088404004,0.013181869306039817,0.030930154088404004,0.16603306714655272,0.7963278101209136
IGI-LG756520111,wide,0.7,semantic,inner_step,fixed,review,foreground_or_nonuniformity_on_border;outline_near_image_edge,33,0.08136590287079547,0.05353728489483748,0.024766617928242043,0.05353728489483748,0.18767292767967608,0.7963278101209136
IGI-LG756520111,wide,0.6,semantic,inner_step,dynamic,review,foreground_or_nonuniformity_on_border;outline_near_image_edge,33,0.0496255105106099,0.022144522144522144,0.007242348516599566,0.022144522144522144,0.1352866490868249,0.7963278101209136
IGI-LG756520111,wide,0.65,semantic,inner_step,dynamic,review,foreground_or_nonuniformity_on_border;outline_near_image_edge,33,0.06379399095926794,0.031590202177293934,0.01624316460541882,0.031590202177293934,0.16498367163242006,0.7963278101209136
IGI-LG756520111,wide,0.7,semantic,inner_step,dynamic,review,foreground_or_nonuniformity_on_border;outline_near_image_edge,33,0.08072426366744208,0.056959564541213065,0.02527501075254656,0.056959564541213065,0.18605585291568483,0.7963278101209136
IGI-LG756520111,wide,0.6,semantic,middle_step,fixed,review,foreground_or_nonuniformity_on_border;outline_near_image_edge,33,0.09222959647407865,0.047160913035276364,0.01490284851914733,0.047160913035276364,0.2541407281644973,0.6020442930153322
IGI-LG756520111,wide,0.65,semantic,middle_step,fixed,review,foreground_or_nonuniformity_on_border;outline_near_image_edge,33,0.11146553251816409,0.06640256555366912,0.025127334465195248,0.06640256555366912,0.28160724391624226,0.6020442930153322
IGI-LG756520111,wide,0.7,semantic,middle_step,fixed,review,foreground_or_nonuniformity_on_border;outline_near_image_edge,33,0.1342685485300086,0.08790794189775514,0.03697415581965667,0.08790794189775514,0.30745142425957367,0.6020442930153322
IGI-LG756520111,wide,0.6,semantic,middle_step,dynamic,review,foreground_or_nonuniformity_on_border;outline_near_image_edge,33,0.08070446700194002,0.04243463351907415,0.01924009750521804,0.04243463351907415,0.21018289901163,0.6020442930153322
IGI-LG756520111,wide,0.65,semantic,middle_step,dynamic,review,foreground_or_nonuniformity_on_border;outline_near_image_edge,33,0.09926263516618535,0.06445619551236244,0.029509094871497995,0.06445619551236244,0.2343220430605389,0.6020442930153322
IGI-LG756520111,wide,0.7,semantic,middle_step,dynamic,review,foreground_or_nonuniformity_on_border;outline_near_image_edge,33,0.12127866811189825,0.08715021578727551,0.04350964787503013,0.08715021578727551,0.25736814288253484,0.6020442930153322
IGI-LG756520111,wide,0.6,semantic,outer_step,fixed,review,foreground_or_nonuniformity_on_border;outline_near_image_edge,33,0.04338718096651007,0.04057116953762466,0.018495013599274704,0.04057116953762466,0.06967361740707162,0.4589618225319879
IGI-LG756520111,wide,0.65,semantic,outer_step,fixed,review,foreground_or_nonuniformity_on_border;outline_near_image_edge,33,0.061306629303002826,0.057116953762466005,0.028286491387126023,0.057116953762466005,0.09777878513145966,0.4589618225319879
IGI-LG756520111,wide,0.7,semantic,outer_step,fixed,review,foreground_or_nonuniformity_on_border;outline_near_image_edge,33,0.08264650127750761,0.078649138712602,0.042883046237534,0.078649138712602,0.12302810516772439,0.4589618225319879
IGI-LG756520111,wide,0.6,semantic,outer_step,dynamic,review,foreground_or_nonuniformity_on_border;outline_near_image_edge,33,0.0433044592694544,0.04387755102040816,0.019357037718962446,0.04387755102040816,0.06505433409336252,0.4589618225319879
IGI-LG756520111,wide,0.65,semantic,outer_step,dynamic,review,foreground_or_nonuniformity_on_border;outline_near_image_edge,33,0.06194163048348228,0.06676384839650146,0.029187193101255466,0.06676384839650146,0.09059598380873318,0.4589618225319879
IGI-LG756520111,wide,0.7,semantic,outer_step,dynamic,review,foreground_or_nonuniformity_on_border;outline_near_image_edge,33,0.08359054456388948,0.09037857249738142,0.044994869056630096,0.09037857249738142,0.12093259105066416,0.4589618225319879
IGI-LG818659722,core,0.6,coarse,centre,fixed,review,foreground_or_nonuniformity_on_border;outline_near_image_edge,17,0.0918201075444028,0.0997229916897507,0.0,0.0997229916897507,0.17659279778393355,1.0
IGI-LG818659722,core,0.65,coarse,centre,fixed,review,foreground_or_nonuniformity_on_border;outline_near_image_edge,17,0.12159850089620333,0.1419667590027701,0.0,0.1419667590027701,0.2213296398891967,1.0
IGI-LG818659722,core,0.7,coarse,centre,fixed,review,foreground_or_nonuniformity_on_border;outline_near_image_edge,17,0.18624735212644616,0.18975069252077562,0.0,0.18975069252077562,0.310803324099723,1.0
IGI-LG818659722,core,0.6,coarse,centre,dynamic,review,foreground_or_nonuniformity_on_border;outline_near_image_edge,17,0.0918201075444028,0.0997229916897507,0.0,0.0997229916897507,0.17659279778393355,1.0
IGI-LG818659722,core,0.65,coarse,centre,dynamic,review,foreground_or_nonuniformity_on_border;outline_near_image_edge,17,0.12159850089620333,0.1419667590027701,0.0,0.1419667590027701,0.2213296398891967,1.0
IGI-LG818659722,core,0.7,coarse,centre,dynamic,review,foreground_or_nonuniformity_on_border;outline_near_image_edge,17,0.18624735212644616,0.18975069252077562,0.0,0.18975069252077562,0.310803324099723,1.0
IGI-LG818659722,core,0.6,coarse,inner,fixed,review,foreground_or_nonuniformity_on_border;outline_near_image_edge,17,0.13581198608475648,0.13558467741935484,0.04012096774193549,0.13558467741935484,0.21646505376344086,1.0
IGI-LG818659722,core,0.65,coarse,inner,fixed,review,foreground_or_nonuniformity_on_border;outline_near_image_edge,17,0.17628281151170144,0.18649193548387097,0.04304435483870969,0.18649193548387097,0.2688508064516129,1.0
IGI-LG818659722,core,0.7,coarse,inner,fixed,review,foreground_or_nonuniformity_on_border;outline_near_image_edge,17,0.23600569259962048,0.2626008064516129,0.045665322580645165,0.2626008064516129,0.35305779569892476,1.0
IGI-LG818659722,core,0.6,coarse,inner,dynamic,review,foreground_or_nonuniformity_on_border;outline_near_image_edge,17,0.13581198608475648,0.13558467741935484,0.04012096774193549,0.13558467741935484,0.21646505376344086,1.0
IGI-LG818659722,core,0.65,coarse,inner,dynamic,review,foreground_or_nonuniformity_on_border;outline_near_image_edge,17,0.17628281151170144,0.18649193548387097,0.04304435483870969,0.18649193548387097,0.2688508064516129,1.0
IGI-LG818659722,core,0.7,coarse,inner,dynamic,review,foreground_or_nonuniformity_on_border;outline_near_image_edge,17,0.23600569259962048,0.2626008064516129,0.045665322580645165,0.2626008064516129,0.35305779569892476,1.0
IGI-LG818659722,core,0.6,coarse,middle,fixed,review,foreground_or_nonuniformity_on_border;outline_near_image_edge,17,0.10963123885918004,0.13484848484848486,0.023598484848484855,0.13484848484848486,0.17926136363636364,1.0
IGI-LG818659722,core,0.65,coarse,middle,fixed,review,foreground_or_nonuniformity_on_border;outline_near_image_edge,17,0.13042557932263815,0.15606060606060607,0.030890151515151516,0.15606060606060607,0.20090909090909093,1.0
IGI-LG818659722,core,0.7,coarse,middle,fixed,review,foreground_or_nonuniformity_on_border;outline_near_image_edge,17,0.15520276292335114,0.17831439393939394,0.041609848484848486,0.17831439393939394,0.23910984848484848,1.0
IGI-LG818659722,core,0.6,coarse,middle,dynamic,review,foreground_or_nonuniformity_on_border;outline_near_image_edge,17,0.10963123885918004,0.13484848484848486,0.023598484848484855,0.13484848484848486,0.17926136363636364,1.0
IGI-LG818659722,core,0.65,coarse,middle,dynamic,review,foreground_or_nonuniformity_on_border;outline_near_image_edge,17,0.13042557932263815,0.15606060606060607,0.030890151515151516,0.15606060606060607,0.20090909090909093,1.0
IGI-LG818659722,core,0.7,coarse,middle,dynamic,review,foreground_or_nonuniformity_on_border;outline_near_image_edge,17,0.15520276292335114,0.17831439393939394,0.041609848484848486,0.17831439393939394,0.23910984848484848,1.0
IGI-LG818659722,core,0.6,coarse,outer,fixed,review,foreground_or_nonuniformity_on_border;outline_near_image_edge,17,0.09105688132789037,0.10351574442066647,0.04690920207887496,0.10351574442066647,0.12717823295628247,0.9448841643075856
IGI-LG818659722,core,0.65,coarse,outer,fixed,review,foreground_or_nonuniformity_on_border;outline_near_image_edge,17,0.10996097613609798,0.11819015591562214,0.06241516355854479,0.11819015591562214,0.14839498624273922,0.9448841643075856
IGI-LG818659722,core,0.7,coarse,outer,fixed,review,foreground_or_nonuniformity_on_border;outline_near_image_edge,17,0.13494703904184724,0.14619382451849589,0.07943748089269337,0.14619382451849589,0.17884439009477224,0.9448841643075856
IGI-LG818659722,core,0.6,coarse,outer,dynamic,review,foreground_or_nonuniformity_on_border;outline_near_image_edge,17,0.09053321833934491,0.10284915861733795,0.04640072486670145,0.10284915861733795,0.12668488890307655,0.9448841643075856
IGI-LG818659722,core,0.65,coarse,outer,dynamic,review,foreground_or_nonuniformity_on_border;outline_near_image_edge,17,0.10936014899755964,0.11752903265033136,0.06174908109406667,0.11752903265033136,0.14743612278946472,0.9448841643075856
IGI-LG818659722,core,0.7,coarse,outer,dynamic,review,foreground_or_nonuniformity_on_border;outline_near_image_edge,17,0.13433214335069668,0.14569496069709342,0.07866853725612101,0.14569496069709342,0.17799190412540253,0.9448841643075856
IGI-LG818659722,core,0.6,semantic,centre,fixed,review,foreground_or_nonuniformity_on_border;outline_near_image_edge;semantic_window_edge,17,0.15058685561676505,0.1889763779527559,0.031160998492209754,0.1889763779527559,0.23077567431730608,0.9770030280710369
IGI-LG818659722,core,0.65,semantic,centre,fixed,review,foreground_or_nonuniformity_on_border;outline_near_image_edge;semantic_window_edge,17,0.18482749105673432,0.2389847545652538,0.03544982409113755,0.2389847545652538,0.27140224493214943,0.9770030280710369
IGI-LG818659722,core,0.7,semantic,centre,fixed,review,foreground_or_nonuniformity_on_border;outline_near_image_edge;semantic_window_edge,17,0.23356952095631353,0.2906684536773329,0.041145920589713524,0.2906684536773329,0.3354665773161334,0.9770030280710369
IGI-LG818659722,core,0.6,semantic,centre,dynamic,review,foreground_or_nonuniformity_on_border;outline_near_image_edge;semantic_window_edge,17,0.15243068355700692,0.19267489711934158,0.03069053708439898,0.19267489711934158,0.23398914646359445,0.9770030280710369
IGI-LG818659722,core,0.65,semantic,centre,dynamic,review,foreground_or_nonuniformity_on_border;outline_near_image_edge;semantic_window_edge,17,0.1863714637328477,0.2424016563146998,0.03491417287312773,0.2424016563146998,0.2743469838786105,0.9770030280710369
IGI-LG818659722,core,0.7,semantic,centre,dynamic,review,foreground_or_nonuniformity_on_border;outline_near_image_edge;semantic_window_edge,17,0.23477405724083006,0.2926748971193416,0.04067233551607642,0.2926748971193416,0.3378119557705188,0.9770030280710369
IGI-LG818659722,core,0.6,semantic,inner_step,fixed,review,foreground_or_nonuniformity_on_border;outline_near_image_edge;semantic_window_edge,17,0.06155177002927868,0.06900452488687783,0.026470588235294117,0.06900452488687783,0.09046945701357467,0.9092311648238621
IGI-LG818659722,core,0.65,semantic,inner_step,fixed,review,foreground_or_nonuniformity_on_border;outline_near_image_edge;semantic_window_edge,17,0.07817074793718393,0.0873868778280543,0.041289592760181,0.0873868778280543,0.1083710407239819,0.9092311648238621
IGI-LG818659722,core,0.7,semantic,inner_step,fixed,review,foreground_or_nonuniformity_on_border;outline_near_image_edge;semantic_window_edge,17,0.10052901250998138,0.10986990950226244,0.05540158371040724,0.10986990950226244,0.13588800904977374,0.9092311648238621
IGI-LG818659722,core,0.6,semantic,inner_step,dynamic,review,foreground_or_nonuniformity_on_border;outline_near_image_edge;semantic_window_edge,17,0.06568781355034412,0.07526009998648832,0.025194526478318127,0.07526009998648832,0.09432103518504974,0.9092311648238621
IGI-LG818659722,core,0.65,semantic,inner_step,dynamic,review,foreground_or_nonuniformity_on_border;outline_near_image_edge;semantic_window_edge,17,0.08223811936505146,0.08902635825712749,0.0416686521018833,0.08902635825712749,0.11317233347668021,0.9092311648238621
IGI-LG818659722,core,0.7,semantic,inner_step,dynamic,review,foreground_or_nonuniformity_on_border;outline_near_image_edge;semantic_window_edge,17,0.10459675934522665,0.11145636314509592,0.06007957403794166,0.11145636314509592,0.1407875757554091,0.9092311648238621
IGI-LG818659722,core,0.6,semantic,middle_step,fixed,review,foreground_or_nonuniformity_on_border;outline_near_image_edge;semantic_window_edge,17,0.13642439507879206,0.14731797804915753,0.07868294945122895,0.14731797804915753,0.1810789921162467,0.8704251883745964
IGI-LG818659722,core,0.65,semantic,middle_step,fixed,review,foreground_or_nonuniformity_on_border;outline_near_image_edge;semantic_window_edge,17,0.16461313231429534,0.17066007110836295,0.10443654351522647,0.17066007110836295,0.2119956716648632,0.8704251883745964
IGI-LG818659722,core,0.7,semantic,middle_step,fixed,review,foreground_or_nonuniformity_on_border;outline_near_image_edge;semantic_window_edge,17,0.20032189719294738,0.20559591899829957,0.12484155201731334,0.20559591899829957,0.2585561910650796,0.8704251883745964
IGI-LG818659722,core,0.6,semantic,middle_step,dynamic,review,foreground_or_nonuniformity_on_border;outline_near_image_edge;semantic_window_edge,17,0.1416680515833149,0.15861571737563085,0.08007273745458249,0.15861571737563085,0.19006948204071364,0.8704251883745964
IGI-LG818659722,core,0.65,semantic,middle_step,dynamic,review,foreground_or_nonuniformity_on_border;outline_near_image_edge;semantic_window_edge,17,0.16948002884546107,0.1831818837444108,0.1009709095076191,0.1831818837444108,0.22156534709151643,0.8704251883745964
IGI-LG818659722,core,0.7,semantic,middle_step,dynamic,review,foreground_or_nonuniformity_on_border;outline_near_image_edge;semantic_window_edge,17,0.2043594118695931,0.2179431703447281,0.12161677615557716,0.2179431703447281,0.2666691833524565,0.8704251883745964
IGI-LG818659722,core,0.6,semantic,outer_step,fixed,review,foreground_or_nonuniformity_on_border;outline_near_image_edge;semantic_window_edge,17,0.0299001519426959,0.030047443331576173,0.013653136531365316,0.030047443331576173,0.049657353716394306,0.83568281938326
IGI-LG818659722,core,0.65,semantic,outer_step,fixed,review,foreground_or_nonuniformity_on_border;outline_near_image_edge;semantic_window_edge,17,0.04079196254147415,0.0382182393252504,0.02066420664206642,0.0382182393252504,0.06209804955192409,0.83568281938326
IGI-LG818659722,core,0.7,semantic,outer_step,fixed,review,foreground_or_nonuniformity_on_border;outline_near_image_edge;semantic_window_edge,17,0.05663741511364693,0.06035846072746442,0.0334475487612019,0.06035846072746442,0.07751713231418028,0.83568281938326
IGI-LG818659722,core,0.6,semantic,outer_step,dynamic,review,foreground_or_nonuniformity_on_border;outline_near_image_edge;semantic_window_edge,17,0.03461157505323627,0.03334606083746977,0.01685214165877045,0.03334606083746977,0.06133620893517599,0.83568281938326
IGI-LG818659722,core,0.65,semantic,outer_step,dynamic,review,foreground_or_nonuniformity_on_border;outline_near_image_edge;semantic_window_edge,17,0.045623311076989644,0.04372958029655692,0.023082744205861604,0.04372958029655692,0.07392302089540945,0.83568281938326
IGI-LG818659722,core,0.7,semantic,outer_step,dynamic,review,foreground_or_nonuniformity_on_border;outline_near_image_edge;semantic_window_edge,17,0.06180621428789962,0.06301064619955435,0.034147067282134826,0.06301064619955435,0.08724811039931961,0.83568281938326
IGI-LG818659722,wide,0.6,coarse,centre,fixed,review,foreground_or_nonuniformity_on_border;outline_near_image_edge,33,0.047679006127759584,0.002770083102493075,0.0,0.002770083102493075,0.1416897506925208,1.0
IGI-LG818659722,wide,0.65,coarse,centre,fixed,review,foreground_or_nonuniformity_on_border;outline_near_image_edge,33,0.06245278267438932,0.01592797783933518,0.0,0.01592797783933518,0.16606648199445984,1.0
IGI-LG818659722,wide,0.7,coarse,centre,fixed,review,foreground_or_nonuniformity_on_border;outline_near_image_edge,33,0.09963904977755393,0.023545706371191136,0.0,0.023545706371191136,0.26869806094182824,1.0
IGI-LG818659722,wide,0.6,coarse,centre,dynamic,review,foreground_or_nonuniformity_on_border;outline_near_image_edge,33,0.047679006127759584,0.002770083102493075,0.0,0.002770083102493075,0.1416897506925208,1.0
IGI-LG818659722,wide,0.65,coarse,centre,dynamic,review,foreground_or_nonuniformity_on_border;outline_near_image_edge,33,0.06245278267438932,0.01592797783933518,0.0,0.01592797783933518,0.16606648199445984,1.0
IGI-LG818659722,wide,0.7,coarse,centre,dynamic,review,foreground_or_nonuniformity_on_border;outline_near_image_edge,33,0.09963904977755393,0.023545706371191136,0.0,0.023545706371191136,0.26869806094182824,1.0
IGI-LG818659722,wide,0.6,coarse,inner,fixed,review,foreground_or_nonuniformity_on_border;outline_near_image_edge,33,0.07018776474421637,0.0114247311827957,0.0,0.0114247311827957,0.18340053763440858,1.0
IGI-LG818659722,wide,0.65,coarse,inner,fixed,review,foreground_or_nonuniformity_on_border;outline_near_image_edge,33,0.09223790322580645,0.02486559139784946,0.0,0.02486559139784946,0.22731854838709678,1.0
IGI-LG818659722,wide,0.7,coarse,inner,fixed,review,foreground_or_nonuniformity_on_border;outline_near_image_edge,33,0.12739797165200392,0.04015456989247312,0.00036962365591397886,0.04015456989247312,0.3077620967741935,1.0
IGI-LG818659722,wide,0.6,coarse,inner,dynamic,review,foreground_or_nonuniformity_on_border;outline_near_image_edge,33,0.07018776474421637,0.0114247311827957,0.0,0.0114247311827957,0.18340053763440858,1.0
IGI-LG818659722,wide,0.65,coarse,inner,dynamic,review,foreground_or_nonuniformity_on_border;outline_near_image_edge,33,0.09223790322580645,0.02486559139784946,0.0,0.02486559139784946,0.22731854838709678,1.0
IGI-LG818659722,wide,0.7,coarse,inner,dynamic,review,foreground_or_nonuniformity_on_border;outline_near_image_edge,33,0.12739797165200392,0.04015456989247312,0.00036962365591397886,0.04015456989247312,0.3077620967741935,1.0
IGI-LG818659722,wide,0.6,coarse,middle,fixed,review,foreground_or_nonuniformity_on_border;outline_near_image_edge,33,0.060161271808999085,0.019886363636363636,0.0006628787878787879,0.019886363636363636,0.15929924242424243,1.0
IGI-LG818659722,wide,0.65,coarse,middle,fixed,review,foreground_or_nonuniformity_on_border;outline_near_image_edge,33,0.07420511937557392,0.03399621212121212,0.001988636363636364,0.03399621212121212,0.18922348484848486,1.0
IGI-LG818659722,wide,0.7,coarse,middle,fixed,review,foreground_or_nonuniformity_on_border;outline_near_image_edge,33,0.09206554178145086,0.05009469696969697,0.005056818181818181,0.05009469696969697,0.22320075757575758,1.0
IGI-LG818659722,wide,0.6,coarse,middle,dynamic,review,foreground_or_nonuniformity_on_border;outline_near_image_edge,33,0.060161271808999085,0.019886363636363636,0.0006628787878787879,0.019886363636363636,0.15929924242424243,1.0
IGI-LG818659722,wide,0.65,coarse,middle,dynamic,review,foreground_or_nonuniformity_on_border;outline_near_image_edge,33,0.07420511937557392,0.03399621212121212,0.001988636363636364,0.03399621212121212,0.18922348484848486,1.0
IGI-LG818659722,wide,0.7,coarse,middle,dynamic,review,foreground_or_nonuniformity_on_border;outline_near_image_edge,33,0.09206554178145086,0.05009469696969697,0.005056818181818181,0.05009469696969697,0.22320075757575758,1.0
IGI-LG818659722,wide,0.6,coarse,outer,fixed,review,foreground_or_nonuniformity_on_border;outline_near_image_edge,33,0.06294105096500306,0.04046851352240574,0.019898664210041456,0.04046851352240574,0.12601171283806015,0.8595588235294118
IGI-LG818659722,wide,0.65,coarse,outer,fixed,review,foreground_or_nonuniformity_on_border;outline_near_image_edge,33,0.07605966887404013,0.05553727709416332,0.02888728038428637,0.05553727709416332,0.15143778377311312,0.8595588235294118
IGI-LG818659722,wide,0.7,coarse,outer,fixed,review,foreground_or_nonuniformity_on_border;outline_near_image_edge,33,0.09465185513089705,0.07429097848259525,0.0360071066657893,0.07429097848259525,0.18108837270513917,0.8595588235294118
IGI-LG818659722,wide,0.6,coarse,outer,dynamic,review,foreground_or_nonuniformity_on_border;outline_near_image_edge,33,0.060480348731571806,0.042161972243368276,0.02505345873863312,0.042161972243368276,0.11839152433425541,0.8595588235294118
IGI-LG818659722,wide,0.65,coarse,outer,dynamic,review,foreground_or_nonuniformity_on_border;outline_near_image_edge,33,0.07318422642753802,0.05257393209200438,0.03134482046962451,0.05257393209200438,0.14151106139668257,0.8595588235294118
IGI-LG818659722,wide,0.7,coarse,outer,dynamic,review,foreground_or_nonuniformity_on_border;outline_near_image_edge,33,0.09108219897336352,0.07338444687842278,0.038567029693050425,0.07338444687842278,0.17004313756825795,0.8595588235294118
IGI-LG818659722,wide,0.6,semantic,centre,fixed,review,foreground_or_nonuniformity_on_border;outline_near_image_edge,33,0.06699607877057924,0.011179828734538535,0.0,0.011179828734538535,0.17961465271170315,0.9332889332889333
IGI-LG818659722,wide,0.65,semantic,centre,fixed,review,foreground_or_nonuniformity_on_border;outline_near_image_edge,33,0.08834299224403887,0.020813510941960038,0.0,0.020813510941960038,0.21981446241674596,0.9332889332889333
IGI-LG818659722,wide,0.7,semantic,centre,fixed,review,foreground_or_nonuniformity_on_border;outline_near_image_edge,33,0.12408096185451084,0.038891531874405326,0.00045195052331113255,0.038891531874405326,0.2971693625118934,0.9332889332889333
IGI-LG818659722,wide,0.6,semantic,centre,dynamic,review,foreground_or_nonuniformity_on_border;outline_near_image_edge,33,0.06600486019281011,0.013203927321972689,0.0,0.013203927321972689,0.18029162943763863,0.9332889332889333
IGI-LG818659722,wide,0.65,semantic,centre,dynamic,review,foreground_or_nonuniformity_on_border;outline_near_image_edge,33,0.08709569313583597,0.021594120972300734,0.0,0.021594120972300734,0.21725763809318424,0.9332889332889333
IGI-LG818659722,wide,0.7,semantic,centre,dynamic,review,foreground_or_nonuniformity_on_border;outline_near_image_edge,33,0.12211330426155663,0.040587902769926514,0.0004330284683756283,0.040587902769926514,0.29149317293167226,0.9332889332889333
IGI-LG818659722,wide,0.6,semantic,inner_step,fixed,review,foreground_or_nonuniformity_on_border;outline_near_image_edge,33,0.05371273304592832,0.020604680057983018,0.0018844481259059846,0.020604680057983018,0.144978256367778,0.8379316328301232
IGI-LG818659722,wide,0.65,semantic,inner_step,fixed,review,foreground_or_nonuniformity_on_border;outline_near_image_edge,33,0.06498302553386422,0.03510043487264444,0.0036446469248291574,0.03510043487264444,0.15870780699937875,0.8379316328301232
IGI-LG818659722,wide,0.7,semantic,inner_step,fixed,review,foreground_or_nonuniformity_on_border;outline_near_image_edge,33,0.07995255934787929,0.054151998343342306,0.007289293849658315,0.054151998343342306,0.18188030648167322,0.8379316328301232
IGI-LG818659722,wide,0.6,semantic,inner_step,dynamic,review,foreground_or_nonuniformity_on_border;outline_near_image_edge,33,0.054052795408180206,0.01951854261548471,0.0027988018897706426,0.01951854261548471,0.1375143538379465,0.8379316328301232
IGI-LG818659722,wide,0.65,semantic,inner_step,dynamic,review,foreground_or_nonuniformity_on_border;outline_near_image_edge,33,0.06696317735720345,0.034018031415559064,0.006291175548895126,0.034018031415559064,0.15643636375797626,0.8379316328301232
IGI-LG818659722,wide,0.7,semantic,inner_step,dynamic,review,foreground_or_nonuniformity_on_border;outline_near_image_edge,33,0.0837943131023015,0.05208429189288672,0.010185620221691956,0.05208429189288672,0.1893295147853598,0.8379316328301232
IGI-LG818659722,wide,0.6,semantic,middle_step,fixed,review,foreground_or_nonuniformity_on_border;outline_near_image_edge,33,0.10489925037319667,0.07753868041970478,0.014298417215009782,0.07753868041970478,0.22557353725769164,0.656892523364486
IGI-LG818659722,wide,0.65,semantic,middle_step,fixed,review,foreground_or_nonuniformity_on_border;outline_near_image_edge,33,0.12157319235391438,0.08589720789614085,0.02048728436777521,0.08589720789614085,0.2546683265160946,0.656892523364486
IGI-LG818659722,wide,0.7,semantic,middle_step,fixed,review,foreground_or_nonuniformity_on_border;outline_near_image_edge,33,0.14295722654250131,0.09763471456517873,0.029059221056375602,0.09763471456517873,0.29336653032189225,0.656892523364486
IGI-LG818659722,wide,0.6,semantic,middle_step,dynamic,review,foreground_or_nonuniformity_on_border;outline_near_image_edge,33,0.10338895812583604,0.07894736842105263,0.014992489518097995,0.07894736842105263,0.21605526459234,0.656892523364486
IGI-LG818659722,wide,0.65,semantic,middle_step,dynamic,review,foreground_or_nonuniformity_on_border;outline_near_image_edge,33,0.11987634623585211,0.09159558103761711,0.019973692404970475,0.09159558103761711,0.24375990697261143,0.656892523364486
IGI-LG818659722,wide,0.7,semantic,middle_step,dynamic,review,foreground_or_nonuniformity_on_border;outline_near_image_edge,33,0.1410176979578668,0.11627584293048425,0.027732537919103108,0.11627584293048425,0.2851844790353076,0.656892523364486
IGI-LG818659722,wide,0.6,semantic,outer_step,fixed,review,foreground_or_nonuniformity_on_border;outline_near_image_edge,33,0.025849108704323016,0.01822477219034762,0.005129935875801552,0.01822477219034762,0.0518393520080999,0.5879551542811787
IGI-LG818659722,wide,0.65,semantic,outer_step,fixed,review,foreground_or_nonuniformity_on_border;outline_near_image_edge,33,0.034884791212837114,0.03172460344245697,0.007897401282483969,0.03172460344245697,0.06506918663516706,0.5879551542811787
IGI-LG818659722,wide,0.7,semantic,outer_step,fixed,review,foreground_or_nonuniformity_on_border;outline_near_image_edge,33,0.04973971916260137,0.0545055686803915,0.0181235234559568,0.0545055686803915,0.0823827202159973,0.5879551542811787
IGI-LG818659722,wide,0.6,semantic,outer_step,dynamic,review,foreground_or_nonuniformity_on_border;outline_near_image_edge,33,0.028241229973052263,0.024484536082474227,0.008260859910962022,0.024484536082474227,0.05259886870462826,0.5879551542811787
IGI-LG818659722,wide,0.65,semantic,outer_step,dynamic,review,foreground_or_nonuniformity_on_border;outline_near_image_edge,33,0.037042691245776145,0.03182989690721649,0.012455952459872088,0.03182989690721649,0.06483471912291353,0.5879551542811787
IGI-LG818659722,wide,0.7,semantic,outer_step,dynamic,review,foreground_or_nonuniformity_on_border;outline_near_image_edge,33,0.05079555215819944,0.05641821946169772,0.021287218814155816,0.05641821946169772,0.07899593588232383,0.5879551542811787
IGI-LG836619414,core,0.6,coarse,centre,fixed,ok,,17,0.03104122535440769,0.022853185595567867,0.004986149584487535,0.022853185595567867,0.055955678670360116,1.0
IGI-LG836619414,core,0.65,coarse,centre,fixed,ok,,17,0.044402802672315465,0.036703601108033244,0.008587257617728532,0.036703601108033244,0.0778393351800554,1.0
IGI-LG836619414,core,0.7,coarse,centre,fixed,ok,,17,0.06289718103307805,0.05124653739612189,0.019113573407202218,0.05124653739612189,0.1254847645429363,1.0
IGI-LG836619414,core,0.6,coarse,centre,dynamic,ok,,17,0.03104122535440769,0.022853185595567867,0.004986149584487535,0.022853185595567867,0.055955678670360116,1.0
IGI-LG836619414,core,0.65,coarse,centre,dynamic,ok,,17,0.044402802672315465,0.036703601108033244,0.008587257617728532,0.036703601108033244,0.0778393351800554,1.0
IGI-LG836619414,core,0.7,coarse,centre,dynamic,ok,,17,0.06289718103307805,0.05124653739612189,0.019113573407202218,0.05124653739612189,0.1254847645429363,1.0
IGI-LG836619414,core,0.6,coarse,inner,fixed,ok,,17,0.08769172991777356,0.07526881720430108,0.029670698924731183,0.07526881720430108,0.1571236559139785,1.0
IGI-LG836619414,core,0.65,coarse,inner,fixed,ok,,17,0.1002826533839342,0.08534946236559139,0.042775537634408604,0.08534946236559139,0.16928763440860214,1.0
IGI-LG836619414,core,0.7,coarse,inner,fixed,ok,,17,0.11635238772928526,0.10534274193548387,0.05705645161290323,0.10534274193548387,0.18534946236559138,1.0
IGI-LG836619414,core,0.6,coarse,inner,dynamic,ok,,17,0.08769172991777356,0.07526881720430108,0.029670698924731183,0.07526881720430108,0.1571236559139785,1.0
IGI-LG836619414,core,0.65,coarse,inner,dynamic,ok,,17,0.1002826533839342,0.08534946236559139,0.042775537634408604,0.08534946236559139,0.16928763440860214,1.0
IGI-LG836619414,core,0.7,coarse,inner,dynamic,ok,,17,0.11635238772928526,0.10534274193548387,0.05705645161290323,0.10534274193548387,0.18534946236559138,1.0
IGI-LG836619414,core,0.6,coarse,middle,fixed,ok,,17,0.1355130554921088,0.12984184108343594,0.05127379486693816,0.12984184108343594,0.2172364807273416,0.999905303030303
IGI-LG836619414,core,0.65,coarse,middle,fixed,ok,,17,0.16100566564347113,0.16744009849417557,0.06832086371815513,0.16744009849417557,0.24636802727531015,0.999905303030303
IGI-LG836619414,core,0.7,coarse,middle,fixed,ok,,17,0.18247605889595161,0.19840894024055308,0.08315181361871389,0.19840894024055308,0.26197556586797993,0.999905303030303
IGI-LG836619414,core,0.6,coarse,middle,dynamic,ok,,17,0.13550675653432992,0.12982954545454545,0.051268939393939394,0.12982954545454545,0.2172159090909091,0.999905303030303
IGI-LG836619414,core,0.65,coarse,middle,dynamic,ok,,17,0.16099703069029486,0.16742424242424242,0.06831439393939394,0.16742424242424242,0.24634469696969696,0.999905303030303
IGI-LG836619414,core,0.7,coarse,middle,dynamic,ok,,17,0.18246545459525534,0.19839015151515152,0.0831439393939394,0.19839015151515152,0.2619507575757576,0.999905303030303
IGI-LG836619414,core,0.6,coarse,outer,fixed,ok,,17,0.10965037136720064,0.12289191963631031,0.04255755975949553,0.12289191963631031,0.17779733098694825,0.4266408058562222
IGI-LG836619414,core,0.65,coarse,outer,fixed,ok,,17,0.14517395167481864,0.16204722100014665,0.05426015544801291,0.16204722100014665,0.23525443613433056,0.4266408058562222
IGI-LG836619414,core,0.7,coarse,outer,fixed,ok,,17,0.17178644445019542,0.18331133597301658,0.09250623258542308,0.18331133597301658,0.26059539521924036,0.4266408058562222
IGI-LG836619414,core,0.6,coarse,outer,dynamic,ok,,17,0.06966246999330003,0.07538347961611025,0.03216324478684562,0.07538347961611025,0.10917142035949856,0.4266408058562222
IGI-LG836619414,core,0.65,coarse,outer,dynamic,ok,,17,0.09117918481786781,0.09835124272003937,0.039497280373368894,0.09835124272003937,0.1392675278114004,0.4266408058562222
IGI-LG836619414,core,0.7,coarse,outer,dynamic,ok,,17,0.11023816103985301,0.11131162332868509,0.06960684258509477,0.11131162332868509,0.15574196397294413,0.4266408058562222
IGI-LG836619414,core,0.6,semantic,centre,fixed,ok,,17,0.06081379920389209,0.04981203007518797,0.019674185463659146,0.04981203007518797,0.11199874686716793,0.7427574171029668
IGI-LG836619414,core,0.65,semantic,centre,fixed,ok,,17,0.07305948695267582,0.0706453634085213,0.023778195488721805,0.0706453634085213,0.12327694235588973,0.7427574171029668
IGI-LG836619414,core,0.7,semantic,centre,fixed,ok,,17,0.08976485330974496,0.09570802005012531,0.034085213032581455,0.09570802005012531,0.1426378446115288,0.7427574171029668
IGI-LG836619414,core,0.6,semantic,centre,dynamic,ok,,17,0.07054332226071384,0.06374967540898469,0.02246647785706225,0.06374967540898469,0.12156121300003514,0.7427574171029668
IGI-LG836619414,core,0.65,semantic,centre,dynamic,ok,,17,0.08390216691469814,0.08269705156818982,0.030605029817832884,0.08269705156818982,0.13586205968195395,0.7427574171029668
IGI-LG836619414,core,0.7,semantic,centre,dynamic,ok,,17,0.10082042218532741,0.10724773875249619,0.04384231927225464,0.10724773875249619,0.14971086444003445,0.7427574171029668
IGI-LG836619414,core,0.6,semantic,inner_step,fixed,ok,,17,0.1339205160591844,0.10908742331288343,0.04777607361963191,0.10908742331288343,0.24881134969325158,0.42768120695309936
IGI-LG836619414,core,0.65,semantic,inner_step,fixed,ok,,17,0.157806297365572,0.1330521472392638,0.05793711656441718,0.1330521472392638,0.2739647239263804,0.42768120695309936
IGI-LG836619414,core,0.7,semantic,inner_step,fixed,ok,,17,0.17535411403825332,0.16794478527607362,0.06901840490797546,0.16794478527607362,0.28634969325153375,0.42768120695309936
IGI-LG836619414,core,0.6,semantic,inner_step,dynamic,ok,,17,0.12874108705855597,0.11842938568714376,0.049844410858018426,0.11842938568714376,0.21732117255665673,0.42768120695309936
IGI-LG836619414,core,0.65,semantic,inner_step,dynamic,ok,,17,0.15345527913014448,0.16010335917312662,0.06118849507495391,0.16010335917312662,0.2416394647842368,0.42768120695309936
IGI-LG836619414,core,0.7,semantic,inner_step,dynamic,ok,,17,0.1731727949611969,0.19305467595524595,0.07014511348736314,0.19305467595524595,0.2546061502327579,0.42768120695309936
IGI-LG836619414,core,0.6,semantic,middle_step,fixed,ok,,17,0.1863515543742055,0.22298624754420432,0.06561886051080551,0.22298624754420432,0.26601178781925344,0.08429943689963564
IGI-LG836619414,core,0.65,semantic,middle_step,fixed,ok,,17,0.29573558303478564,0.38212180746561886,0.08506876227897839,0.38212180746561886,0.4581532416502947,0.08429943689963564
IGI-LG836619414,core,0.7,semantic,middle_step,fixed,ok,,17,0.3501097885126545,0.4165029469548134,0.187426326129666,0.4165029469548134,0.4827111984282908,0.08429943689963564
IGI-LG836619414,core,0.6,semantic,middle_step,dynamic,ok,,17,0.1602789207605804,0.1663543318437365,0.07749324732026217,0.1663543318437365,0.21880391833900964,0.08429943689963564
IGI-LG836619414,core,0.65,semantic,middle_step,dynamic,ok,,17,0.20155701943955281,0.21906139504982322,0.10131494386436411,0.21906139504982322,0.2696429678354028,0.08429943689963564
IGI-LG836619414,core,0.7,semantic,middle_step,dynamic,ok,,17,0.23293730579587668,0.2551984877126654,0.14502736836460706,0.2551984877126654,0.30164285448623607,0.08429943689963564
IGI-LG836619414,core,0.6,semantic,outer_step,fixed,ok,,17,0.006535947712418301,0.0,0.0,0.0,0.025500910746812388,0.037202683472250454
IGI-LG836619414,core,0.65,semantic,outer_step,fixed,ok,,17,0.011893281902925105,0.0018214936247723133,0.0,0.0018214936247723133,0.03205828779599272,0.037202683472250454
IGI-LG836619414,core,0.7,semantic,outer_step,fixed,ok,,17,0.019822136504875174,0.01092896174863388,0.0,0.01092896174863388,0.05500910746812387,0.037202683472250454
IGI-LG836619414,core,0.6,semantic,outer_step,dynamic,ok,,17,0.019455919515764586,0.016685052399338113,0.012402818678502098,0.016685052399338113,0.030541553711938715,0.037202683472250454
IGI-LG836619414,core,0.65,semantic,outer_step,dynamic,ok,,17,0.023930403193073185,0.02151130722559294,0.013689990984166468,0.02151130722559294,0.03924283117487593,0.037202683472250454
IGI-LG836619414,core,0.7,semantic,outer_step,dynamic,ok,,17,0.03243413152504156,0.02872852233676976,0.0180694967098664,0.02872852233676976,0.049371716350074854,0.037202683472250454
IGI-LG836619414,wide,0.6,coarse,centre,fixed,ok,,33,0.019747334844287756,0.011772853185595568,0.0,0.011772853185595568,0.04833795013850416,1.0
IGI-LG836619414,wide,0.65,coarse,centre,fixed,ok,,33,0.02690338285906153,0.014542936288088643,0.0,0.014542936288088643,0.07022160664819944,1.0
IGI-LG836619414,wide,0.7,coarse,centre,fixed,ok,,33,0.0378368169226895,0.025623268698060944,0.00221606648199446,0.025623268698060944,0.0961218836565097,1.0
IGI-LG836619414,wide,0.6,coarse,centre,dynamic,ok,,33,0.019747334844287756,0.011772853185595568,0.0,0.011772853185595568,0.04833795013850416,1.0
IGI-LG836619414,wide,0.65,coarse,centre,dynamic,ok,,33,0.02690338285906153,0.014542936288088643,0.0,0.014542936288088643,0.07022160664819944,1.0
IGI-LG836619414,wide,0.7,coarse,centre,dynamic,ok,,33,0.0378368169226895,0.025623268698060944,0.00221606648199446,0.025623268698060944,0.0961218836565097,1.0
IGI-LG836619414,wide,0.6,coarse,inner,fixed,ok,,33,0.06575839035516455,0.05275537634408602,0.02127016129032258,0.05275537634408602,0.142372311827957,1.0
IGI-LG836619414,wide,0.65,coarse,inner,fixed,ok,,33,0.07481060606060606,0.05964381720430108,0.026780913978494626,0.05964381720430108,0.15598118279569895,1.0
IGI-LG836619414,wide,0.7,coarse,inner,fixed,ok,,33,0.08611823884001303,0.06770833333333333,0.035618279569892476,0.06770833333333333,0.17231182795698927,1.0
IGI-LG836619414,wide,0.6,coarse,inner,dynamic,ok,,33,0.06575839035516455,0.05275537634408602,0.02127016129032258,0.05275537634408602,0.142372311827957,1.0
IGI-LG836619414,wide,0.65,coarse,inner,dynamic,ok,,33,0.07481060606060606,0.05964381720430108,0.026780913978494626,0.05964381720430108,0.15598118279569895,1.0
IGI-LG836619414,wide,0.7,coarse,inner,dynamic,ok,,33,0.08611823884001303,0.06770833333333333,0.035618279569892476,0.06770833333333333,0.17231182795698927,1.0
IGI-LG836619414,wide,0.6,coarse,middle,fixed,ok,,33,0.0935466617766164,0.08693898134140192,0.018174483106404436,0.08693898134140192,0.19421079172970246,0.9389204545454546
IGI-LG836619414,wide,0.65,coarse,middle,fixed,ok,,33,0.11175904277265851,0.10327786182551689,0.029389813414019163,0.10327786182551689,0.21760968229954614,0.9389204545454546
IGI-LG836619414,wide,0.7,coarse,middle,fixed,ok,,33,0.13035651522792216,0.11699445284921836,0.04425617750882501,0.11699445284921836,0.22949067070095816,0.9389204545454546
IGI-LG836619414,wide,0.6,coarse,middle,dynamic,ok,,33,0.0923457219635321,0.08229166666666667,0.018289455110107284,0.08229166666666667,0.18623432688471991,0.9389204545454546
IGI-LG836619414,wide,0.65,coarse,middle,dynamic,ok,,33,0.11030503490140013,0.0978219696969697,0.02816962851609161,0.0978219696969697,0.2090186886384443,0.9389204545454546
IGI-LG836619414,wide,0.7,coarse,middle,dynamic,ok,,33,0.12913027678080247,0.11098484848484849,0.04339086018492237,0.11098484848484849,0.2259469696969697,0.9389204545454546
IGI-LG836619414,wide,0.6,coarse,outer,fixed,ok,,33,0.10256556172049129,0.059154929577464786,0.02910798122065728,0.059154929577464786,0.2220344287949922,0.19884241971620611
IGI-LG836619414,wide,0.65,coarse,outer,fixed,ok,,33,0.1415089865794091,0.0757433489827856,0.04225352112676056,0.0757433489827856,0.32982785602503917,0.19884241971620611
IGI-LG836619414,wide,0.7,coarse,outer,fixed,ok,,33,0.17822355005453597,0.14522691705790297,0.06347417840375587,0.14522691705790297,0.3710798122065728,0.19884241971620611
IGI-LG836619414,wide,0.6,coarse,outer,dynamic,ok,,33,0.04619035846934661,0.03619374932875094,0.01721618477512233,0.03619374932875094,0.09948880304921796,0.19884241971620611
IGI-LG836619414,wide,0.65,coarse,outer,dynamic,ok,,33,0.06149725236905568,0.043819138653205886,0.024426976161441415,0.043819138653205886,0.12424290746029572,0.19884241971620611
IGI-LG836619414,wide,0.7,coarse,outer,dynamic,ok,,33,0.08094032971959693,0.0665118819994537,0.037084926543233546,0.0665118819994537,0.1415192906726461,0.19884241971620611
IGI-LG836619414,wide,0.6,semantic,centre,fixed,ok,,33,0.04627939627939628,0.03532818532818533,0.018146718146718147,0.03532818532818533,0.08077220077220076,0.6114980521780191
IGI-LG836619414,wide,0.65,semantic,centre,fixed,ok,,33,0.053744003744003746,0.041505791505791506,0.020965250965250967,0.041505791505791506,0.10189189189189189,0.6114980521780191
IGI-LG836619414,wide,0.7,semantic,centre,fixed,ok,,33,0.06388206388206388,0.054247104247104244,0.027220077220077223,0.054247104247104244,0.13293436293436292,0.6114980521780191
IGI-LG836619414,wide,0.6,semantic,centre,dynamic,ok,,33,0.053163779484739986,0.04712900820283371,0.019256761307212593,0.04712900820283371,0.10376178426913509,0.6114980521780191
IGI-LG836619414,wide,0.65,semantic,centre,dynamic,ok,,33,0.06135216423338782,0.051671266482674026,0.022066834911083928,0.051671266482674026,0.13237364993276637,0.6114980521780191
IGI-LG836619414,wide,0.7,semantic,centre,dynamic,ok,,33,0.0720086645701486,0.05458448328733517,0.026013887254325057,0.05458448328733517,0.15118825615862228,0.6114980521780191
IGI-LG836619414,wide,0.6,semantic,inner_step,fixed,ok,,33,0.09126960927604014,0.06591639871382636,0.005337620578778136,0.06591639871382636,0.22739549839228296,0.22709017889740782
IGI-LG836619414,wide,0.65,semantic,inner_step,fixed,ok,,33,0.10991912696092761,0.07813504823151125,0.008231511254019292,0.07813504823151125,0.28340836012861736,0.22709017889740782
IGI-LG836619414,wide,0.7,semantic,inner_step,fixed,ok,,33,0.12461268634902077,0.08488745980707396,0.01369774919614148,0.08488745980707396,0.3072025723472669,0.22709017889740782
IGI-LG836619414,wide,0.6,semantic,inner_step,dynamic,ok,,33,0.08164257393683659,0.07268975005732631,0.012307753847759999,0.07268975005732631,0.16976866239521096,0.22709017889740782
IGI-LG836619414,wide,0.65,semantic,inner_step,dynamic,ok,,33,0.09868511097868159,0.08105939004815409,0.017660795059652484,0.08105939004815409,0.19834978050647276,0.22709017889740782
IGI-LG836619414,wide,0.7,semantic,inner_step,dynamic,ok,,33,0.11323115677466619,0.09172208209126347,0.023609122383435977,0.09172208209126347,0.21787286750722598,0.22709017889740782
IGI-LG836619414,wide,0.6,semantic,middle_step,fixed,ok,,33,0.09388528138528138,0.05357142857142857,0.0,0.05357142857142857,0.2857142857142857,0.007617493028633612
IGI-LG836619414,wide,0.65,semantic,middle_step,fixed,ok,,33,0.2150974025974026,0.0625,0.0,0.0625,0.6285714285714287,0.007617493028633612
IGI-LG836619414,wide,0.7,semantic,middle_step,fixed,ok,,33,0.2581168831168831,0.08035714285714286,0.017857142857142856,0.08035714285714286,0.6857142857142857,0.007617493028633612
IGI-LG836619414,wide,0.6,semantic,middle_step,dynamic,ok,,33,0.10552237087313596,0.10091743119266056,0.029399822588765553,0.10091743119266056,0.18258845564470505,0.007617493028633612
IGI-LG836619414,wide,0.65,semantic,middle_step,dynamic,ok,,33,0.13394956423751025,0.11392827356130109,0.04081035411486043,0.11392827356130109,0.231154905220228,0.007617493028633612
IGI-LG836619414,wide,0.7,semantic,middle_step,dynamic,ok,,33,0.16697694056528006,0.15837718553726024,0.06535505657476284,0.15837718553726024,0.25425257892222275,0.007617493028633612
IGI-LG836619414,wide,0.6,semantic,outer_step,fixed,ok,,33,0.0,0.0,0.0,0.0,0.0,0.001725673569360944
IGI-LG836619414,wide,0.65,semantic,outer_step,fixed,ok,,33,0.0009775171065493646,0.0,0.0,0.0,0.0,0.001725673569360944
IGI-LG836619414,wide,0.7,semantic,outer_step,fixed,ok,,33,0.005865102639296188,0.0,0.0,0.0,0.0,0.001725673569360944
IGI-LG836619414,wide,0.6,semantic,outer_step,dynamic,ok,,33,0.022066808490841004,0.02264645330338761,0.014537523087714088,0.02264645330338761,0.029297655845002525,0.001725673569360944
IGI-LG836619414,wide,0.65,semantic,outer_step,dynamic,ok,,33,0.02659248345075177,0.02582818641212802,0.017852688353278277,0.02582818641212802,0.03562982049214757,0.001725673569360944
IGI-LG836619414,wide,0.7,semantic,outer_step,dynamic,ok,,33,0.036399434566675,0.033472157951565634,0.022310235160163037,0.033472157951565634,0.05256861556453398,0.001725673569360944
