certificate,review_outcome,observation_id,concept,hypothesis_family,role,profile_explanation,human_summary,source_frames,outside_profile_window,field_id,link_assessment,descriptor_value,descriptor_status,descriptor_reasons,rank_descending,sample_size,redundancy_group,evidence_resolution,evidence_item_ranks,evidence_render_frames,human_machine_overlap,evidence_packet,rationale
IGI-LG756520111,Shortlist,LG756520111-tier-readability,layered_tier_readability,nested_step,strength,partial,Separated nested tiers remain readable while several lower bands visibly change together.,248;252;0;4,,nested_step.centre_inner_pearson,partial,0.4860299445,review,foreground_or_nonuniformity_on_border;outline_near_image_edge,2,4,,,,,,,"Positive centre-inner coordination is consistent with grouped nested movement, but correlation does not measure static tier separation or crispness."
IGI-LG756520111,Shortlist,LG756520111-tier-readability,layered_tier_readability,nested_step,strength,partial,Separated nested tiers remain readable while several lower bands visibly change together.,248;252;0;4,,nested_step.inner_middle_pearson,partial,0.49059073,review,foreground_or_nonuniformity_on_border;outline_near_image_edge,1,4,,,,,,,"Positive inner-middle coordination is consistent with several bands moving together, but does not by itself establish hall-of-mirrors quality."
IGI-LG756520111,Shortlist,LG756520111-directional-opposition,directional_opposition,directional,mixed,partial,The review notes unequal directional light/dark behaviour and grouped lower-band movement rather than uniform opposing-region balance.,248;254;0;4,,directional.side_N_S_pearson,supports,-0.9146084182603903,review,foreground_or_nonuniformity_on_border;outline_near_image_edge,4,4,,,,,,,Strongly negative north-south correlation is consistent with opposing upper/lower temporal behaviour rather than coordinated movement.
IGI-LG756520111,Shortlist,LG756520111-directional-opposition,directional_opposition,directional,mixed,partial,The review notes unequal directional light/dark behaviour and grouped lower-band movement rather than uniform opposing-region balance.,248;254;0;4,,directional.corner_NE_SW_pearson,partial,-0.7074131838565342,review,foreground_or_nonuniformity_on_border;outline_near_image_edge,4,4,,,,,,,"Negative diagonal correlation supports directional independence in some corner behaviour, although the human review is not a pair-specific motion annotation."
IGI-LG756520111,Shortlist,LG756520111-pale-inner-panels,quiet_or_pale_inner_region,unexplained_static,check,unexplained,"Inner side wedges, especially the right, remain comparatively pale and less articulated in the inspected views.",248;254;0;4,,,,,,,,,,,,,,docs/360/evidence-packet/per-stone/IGI-LG756520111/evidence.json,
IGI-LG756520111,Shortlist,LG756520111-flash-scale,broad_flash_scale,morphology,neutral,partial,"Broad apparent step bands coexist with smaller diagonal/corner patches, so static broad architecture does not imply consistently broad dynamic flashes.",248;254;0;4,,flash_morphology.median_largest_component_fraction,partial,0.12614789753504108,review,foreground_or_nonuniformity_on_border;outline_near_image_edge,3,4,,,,,,,The relatively small retained component fraction fits a mixed broad-plus-finer dynamic character and cautions against equating broad static tiers with broad flash morphology.
IGI-LG756580087,Shortlist,LG756580087-broad-flashes,broad_flash_scale,morphology,strength,explained,"Clean broad horizontal tiers dominate the visual character, with large directional apparent flashes.",248;254;0;4,,flash_morphology.median_largest_component_fraction,supports,0.34354543074103167,ok,,1,4,,,,,,,"The stone is the clear high-end morphology case in the current sample, matching the review's broad deliberate flash/tier character."
IGI-LG756580087,Shortlist,LG756580087-independent-layers,independent_layer_motion,nested_step,strength,explained,Horizontal tiers and adjacent inner/middle regions change separately rather than behaving as one synchronized block.,254;0;4;8,,nested_step.inner_middle_pearson,supports,-0.6237114584,ok,,4,4,,,,,,,Strong negative inner-middle correlation directly matches the observed alternating/separately changing nested layers.
IGI-LG756580087,Shortlist,LG756580087-no-central-blackout,regional_recovery,dark_state,strength,partial,The central convergence stays defined and the inspected views do not show a large persistent central blackout.,250;254;0;8,,dark_state.occupancy.centre_mean,supports,0.048028352615284334,ok,,2,4,relative_dark_state,,,,,,Low centre relative-dark occupancy is consistent with the absence of a persistent large central dark state in the inspected core window.
IGI-LG756580087,Shortlist,LG756580087-no-central-blackout,regional_recovery,dark_state,strength,partial,The central convergence stays defined and the inspected views do not show a large persistent central blackout.,250;254;0;8,,dark_state.persistence.inner_dark_q90_window_fraction,partial,0.23529411764705882,ok,,2,4,,,,,,,"Moderate inner persistence provides temporal context, but the retained persistence field is inner-region rather than centre-specific."
IGI-LG756580087,Shortlist,LG756580087-pale-inner-panels,quiet_or_pale_inner_region,unexplained_static,check,unexplained,Broad inner side panels often look pale and less articulated than the horizontal tiers.,254;0;8,,,,,,,,,,,,,,docs/360/evidence-packet/per-stone/IGI-LG756580087/evidence.json,
IGI-LG818659722,Reserve,LG818659722-grouped-dark-stack,grouped_darkness,dark_state,drawback,explained,Broad upper/lower inner sectors darken together through the near-face-up interval while the sides remain brighter.,252;0;6,,dark_state.occupancy.inner_mean,supports,0.17628281151170144,review,foreground_or_nonuniformity_on_border;outline_near_image_edge,1,4,relative_dark_state,,,,,,High inner relative-dark occupancy matches the unusually large amount of dark inner-region state in the core interval.
IGI-LG818659722,Reserve,LG818659722-grouped-dark-stack,grouped_darkness,dark_state,drawback,explained,Broad upper/lower inner sectors darken together through the near-face-up interval while the sides remain brighter.,252;0;6,,dark_state.persistence.inner_dark_q90_window_fraction,supports,0.35294117647058826,review,foreground_or_nonuniformity_on_border;outline_near_image_edge,1,4,,,,,,,The longest retained inner dark persistence in the sample matches the human concern that the grouped dark state persists across nearby views.
IGI-LG818659722,Reserve,LG818659722-grouped-dark-stack,grouped_darkness,dark_state,drawback,explained,Broad upper/lower inner sectors darken together through the near-face-up interval while the sides remain brighter.,252;0;6,,directional.side_N_S_pearson,supports,0.9838306224408927,review,foreground_or_nonuniformity_on_border;outline_near_image_edge,1,4,,,,,,,Near-perfect positive north-south coordination matches the upper/lower sectors darkening together as a directional pair.
IGI-LG818659722,Reserve,LG818659722-grouped-dark-stack,grouped_darkness,dark_state,drawback,explained,Broad upper/lower inner sectors darken together through the near-face-up interval while the sides remain brighter.,252;0;6,,temporal_reconfiguration.switching.inner_rate,partial,0.16995337701612903,review,foreground_or_nonuniformity_on_border;outline_near_image_edge,1,4,relative_dark_state,,,,,,"High switching confirms substantial inner-state reconfiguration, but it is redundant with occupancy and does not independently identify whether that motion is attractive."
IGI-LG818659722,Reserve,LG818659722-recovery-activity,regional_recovery,activity_motion,mixed,explained,The central/inner region is not simply dead: it changes strongly and recovers toward paler states around the dark-stack interval.,248;252;0;6;10,10,activity.activation.inner_relative_total_excursion,supports,0.278834844971213,review,foreground_or_nonuniformity_on_border;outline_near_image_edge,1,4,activity_motion,,,,,,Very large inner activation excursion matches the visible transition into and away from the grouped dark state.
IGI-LG818659722,Reserve,LG818659722-recovery-activity,regional_recovery,activity_motion,mixed,explained,The central/inner region is not simply dead: it changes strongly and recovers toward paler states around the dark-stack interval.,248;252;0;6;10,10,activity.mobility.inner_median,supports,0.048664650324539066,review,foreground_or_nonuniformity_on_border;outline_near_image_edge,1,4,activity_motion,,,,,,High inner local mobility confirms that the concern is uneven/grouped activity rather than an absence of change.
IGI-LG818659722,Reserve,LG818659722-static-crispness,static_geometric_crispness,unexplained_static,strength,unexplained,"The review finds clean square geometry, legible diagonal arms and distinct mirror tiers despite the grouped dark-state concern.",252;0,,,,,,,,,,,,,,docs/360/evidence-packet/per-stone/IGI-LG818659722/evidence.json,
IGI-LG818659722,Reserve,LG818659722-flash-scale,broad_flash_scale,morphology,neutral,partial,Long band reflections dominate parts of the sequence while smaller corner reflections continue to change.,252;0;6,,flash_morphology.median_largest_component_fraction,supports,0.19230769230769232,review,foreground_or_nonuniformity_on_border;outline_near_image_edge,2,4,,,,,,,"The second-largest morphology value in the sample is consistent with relatively broad connected changes, but broadness itself is not a quality verdict."
IGI-LG836619414,Shortlist,LG836619414-rim-vs-inner,rim_vs_inner_activity,activity_motion,mixed,partial,The rim looks more active while the inner table remains comparatively quiet/pale.,248;252;0;8,,activity.activation.middle_relative_total_excursion,partial,0.038823963398823186,ok,,2,4,activity_motion,,,,,,"Elevated middle-region activation is consistent with activity away from the centre, but the coarse middle band is not an exact rim measurement."
IGI-LG836619414,Shortlist,LG836619414-rim-vs-inner,rim_vs_inner_activity,activity_motion,mixed,partial,The rim looks more active while the inner table remains comparatively quiet/pale.,248;252;0;8,,temporal_reconfiguration.switching.middle_rate,partial,0.15135192726583957,ok,,1,4,relative_dark_state,,,,,,"High middle switching supports strong reconfiguration outside the inner table, but the retained geometry cannot isolate the visual rim precisely."
IGI-LG836619414,Shortlist,LG836619414-independent-layers,independent_layer_motion,nested_step,strength,partial,Adjacent bands and smaller rim regions change independently while the tier architecture remains readable.,248;252;0;8,,nested_step.inner_middle_pearson,supports,-0.2189669955,ok,,3,4,,,,,,,"Negative inner-middle correlation is consistent with separately changing nested regions, although the magnitude is modest."
IGI-LG836619414,Shortlist,LG836619414-independent-layers,independent_layer_motion,nested_step,strength,partial,Adjacent bands and smaller rim regions change independently while the tier architecture remains readable.,248;252;0;8,,nested_step.centre_inner_pearson,partial,-0.1021545538,ok,,4,4,,,,,,,Near-zero/negative centre-inner coordination adds evidence for independence but is too weak to carry the interpretation alone.
IGI-LG836619414,Shortlist,LG836619414-finer-flash-structure,fragmented_flash_scale,morphology,neutral,explained,The review notes broad step bands alongside smaller rim reflections; the dynamic pattern is finer and less dominated by one broad connected flash than LG756580087.,248;252;8,,flash_morphology.median_largest_component_fraction,supports,0.11091954022988505,ok,,4,4,,,,,,,The lowest morphology value in the current sample matches the comparatively finer/fragmented dynamic flash structure without implying worse cut quality.
IGI-LG836619414,Shortlist,LG836619414-static-crispness,static_geometric_crispness,unexplained_static,strength,unexplained,Crisp nested tiers and coherent diagonal arms remain an obvious static strength despite weak/negative nested-step temporal correlations.,0;8,,,,,,,,,,,,,,docs/360/evidence-packet/per-stone/IGI-LG836619414/evidence.json,
IGI-LG836619414,Shortlist,LG836619414-pale-inner-tiers,quiet_or_pale_inner_region,unexplained_static,check,unexplained,The inner tiers remain relatively pale beside the active rim and complete inner-panel recovery is not established.,248;0;8,,,,,,,,,,,,,,docs/360/evidence-packet/per-stone/IGI-LG836619414/evidence.json,
