certificate,window,measure,q10,q50,q90,status,persistent_support_fraction
IGI-LG756520111,core,raw_spread,0.12154527187347411,0.3587676703929902,0.5956032449007035,review,1.0
IGI-LG756520111,core,relative_to_whole_median,0.13042521817410346,0.435915480615446,0.710066970348609,review,1.0
IGI-LG756520111,core,log_spread,0.13070448876482987,0.4736321201617014,0.9664385485201326,review,1.0
IGI-LG756520111,core,relative_to_whole_contrast,0.5446323062037055,0.937393431440682,1.1108811372279133,review,1.0
IGI-LG756520111,wide,raw_spread,0.1260700440406799,0.273802250623703,0.5602073955535892,review,1.0
IGI-LG756520111,wide,relative_to_whole_median,0.1368411849075409,0.31447594912236937,0.6751318654355957,review,1.0
IGI-LG756520111,wide,log_spread,0.13625589306921992,0.3310862341810636,0.8724662397422136,review,1.0
IGI-LG756520111,wide,relative_to_whole_contrast,0.5091173177765083,0.8350889270828498,1.1054012762045025,review,1.0
IGI-LG756580087,core,raw_spread,0.27423202157020565,0.3267309069633484,0.42783546864986427,ok,1.0
IGI-LG756580087,core,relative_to_whole_median,0.3449487093642752,0.4221970470751274,0.5522488977861729,ok,1.0
IGI-LG756580087,core,log_spread,0.3481607820192884,0.4679785180351459,0.6773705712045337,ok,1.0
IGI-LG756580087,core,relative_to_whole_contrast,0.6200660370347394,0.7438176465459571,0.856418837346308,ok,1.0
IGI-LG756580087,wide,raw_spread,0.26618497729301455,0.3267309069633484,0.456765839457512,ok,1.0
IGI-LG756580087,wide,relative_to_whole_median,0.3413241758836467,0.41835717387125654,0.5882494811098504,ok,1.0
IGI-LG756580087,wide,log_spread,0.34161992895366,0.41863749936336303,0.7487701469802663,ok,1.0
IGI-LG756580087,wide,relative_to_whole_contrast,0.6036012177754906,0.776923526378984,0.9439890192080961,ok,1.0
IGI-LG818659722,core,raw_spread,0.20958752036094663,0.49440470337867737,0.5928987139463424,review,1.0
IGI-LG818659722,core,relative_to_whole_median,0.23476317560855686,0.6355232554175015,0.7723189875041396,review,1.0
IGI-LG818659722,core,log_spread,0.2432419913128118,0.782279271985461,1.0458111153542953,review,1.0
IGI-LG818659722,core,relative_to_whole_contrast,0.7265161616283992,0.9673256876559859,1.1651911271677058,review,1.0
IGI-LG818659722,wide,raw_spread,0.21836715459823605,0.3027069151401519,0.5629551523923874,review,1.0
IGI-LG818659722,wide,relative_to_whole_median,0.2484574390695864,0.35321471115916425,0.7221727676513435,review,1.0
IGI-LG818659722,wide,log_spread,0.25266825883143423,0.3795196723897129,0.8894890217993512,review,1.0
IGI-LG818659722,wide,relative_to_whole_contrast,0.847405057754967,0.963021720491517,1.104198207626856,review,1.0
IGI-LG836619414,core,raw_spread,0.27233579516410833,0.35883169174194335,0.5805191063880922,ok,1.0
IGI-LG836619414,core,relative_to_whole_median,0.3588633958408791,0.49690396852340074,0.7988712976868669,ok,1.0
IGI-LG836619414,core,log_spread,0.37701927816745884,0.5409716829798284,1.1488854925899372,ok,1.0
IGI-LG836619414,core,relative_to_whole_contrast,0.5620423268449322,0.7324076730224943,1.017939832645935,ok,1.0
IGI-LG836619414,wide,raw_spread,0.18938960075378417,0.2905152320861817,0.540650533437729,ok,1.0
IGI-LG836619414,wide,relative_to_whole_median,0.23783796465864576,0.38946439573469965,0.7539866965529021,ok,1.0
IGI-LG836619414,wide,log_spread,0.24081812435603792,0.4081418343790922,0.9972429704923371,ok,1.0
IGI-LG836619414,wide,relative_to_whole_contrast,0.5821151982562865,0.6722122293942671,0.9302209969984948,ok,1.0
