certificate,window,trace_id,representation,region,support_mode,trace_type,primary,upstream_disposition,status,reasons,observed_adjacent_pairs,median_mobility,q90_mobility,activation_total_excursion,switching_rate,persistent_support_fraction
IGI-LG756580087,core,whole_stone/whole_stone/fixed/raw,whole_stone,whole_stone,fixed,raw,True,KEEP,ok,,16,0.0030328035354614258,0.009085893630981445,0.022581475973129206,,
IGI-LG756580087,core,coarse/centre/fixed/raw,coarse,centre,fixed,raw,False,KEEP,ok,,16,0.01911349594593048,0.02957138419151306,0.0767689883708953,0.05574792243767313,1.0
IGI-LG756580087,core,coarse/centre/fixed/relative,coarse,centre,fixed,relative,True,KEEP,ok,,16,0.0240573407121749,0.037511719895793535,0.07231796134979748,0.05574792243767313,1.0
IGI-LG756580087,core,coarse/inner/fixed/raw,coarse,inner,fixed,raw,False,KEEP,ok,,16,0.005483537912368774,0.019711822271347046,0.034589076042175315,0.062415994623655914,1.0
IGI-LG756580087,core,coarse/inner/fixed/relative,coarse,inner,fixed,relative,True,KEEP,ok,,16,0.007348132228689491,0.0167439964948448,0.03507454687665894,0.062415994623655914,1.0
IGI-LG756580087,core,coarse/middle/fixed/raw,coarse,middle,fixed,raw,False,KEEP,ok,,16,0.006279408931732178,0.00826863944530487,0.03437269330024728,0.10685369318181819,1.0
IGI-LG756580087,core,coarse/middle/fixed/relative,coarse,middle,fixed,relative,True,KEEP,ok,,16,0.004524170667554686,0.010226426791601906,0.017756912209351654,0.10685369318181819,1.0
IGI-LG756580087,core,coarse/outer/fixed/raw,coarse,outer,fixed,raw,False,REVISE,ok,,16,0.002662956714630127,0.009526312351226807,0.008224171400070146,0.09169570267131243,0.5234997263938712
IGI-LG756580087,core,coarse/outer/fixed/relative,coarse,outer,fixed,relative,False,REVISE,ok,,16,0.004733403236061168,0.009608066284484254,0.025152160456357705,0.09169570267131243,0.5234997263938712
IGI-LG756580087,core,semantic/centre/fixed/raw,semantic,centre,fixed,raw,False,REVISE,ok,,16,0.007234722375869751,0.013661399483680725,0.04050508737564085,,0.7808219178082192
IGI-LG756580087,core,semantic/centre/fixed/relative,semantic,centre,fixed,relative,False,REVISE,ok,,16,0.0070381047116337,0.013864146103385697,0.03600974127298416,,0.7808219178082192
IGI-LG756580087,core,semantic/inner_step/fixed/raw,semantic,inner_step,fixed,raw,False,REVISE,ok,,16,0.005173355340957642,0.011710181832313538,0.03406826257705686,,0.5406121247792819
IGI-LG756580087,core,semantic/inner_step/fixed/relative,semantic,inner_step,fixed,relative,False,REVISE,ok,,16,0.006133224221223102,0.011958172291435767,0.02153670727334413,,0.5406121247792819
IGI-LG756580087,core,semantic/middle_step/fixed/raw,semantic,middle_step,fixed,raw,False,REVISE,ok,,16,0.02059568464756012,0.06873039901256561,0.04461212158203132,,0.07798813224074597
IGI-LG756580087,core,semantic/middle_step/fixed/relative,semantic,middle_step,fixed,relative,False,REVISE,ok,,16,0.028332735901015565,0.07995102465922752,0.07548742547599605,,0.07798813224074597
IGI-LG756580087,core,semantic/outer_step/fixed/raw,semantic,outer_step,fixed,raw,False,REVISE,ok,,16,0.012870967388153076,0.10692039132118225,0.12132052183151243,,0.05774832508010486
IGI-LG756580087,core,semantic/outer_step/fixed/relative,semantic,outer_step,fixed,relative,False,REVISE,ok,,16,0.014163251925773612,0.14328816147951046,0.1715309480239655,,0.05774832508010486
IGI-LG756580087,wide,whole_stone/whole_stone/fixed/raw,whole_stone,whole_stone,fixed,raw,True,KEEP,ok,,32,0.0036619603633880615,0.011597871780395511,0.020537757873535067,,
IGI-LG756580087,wide,coarse/centre/fixed/raw,coarse,centre,fixed,raw,False,KEEP,ok,,32,0.01575981080532074,0.03208304345607758,0.06741003990173344,0.0521338296398892,1.0
IGI-LG756580087,wide,coarse/centre/fixed/relative,coarse,centre,fixed,relative,True,KEEP,ok,,32,0.016883575987520744,0.039936239693390524,0.08489542300773877,0.0521338296398892,1.0
IGI-LG756580087,wide,coarse/inner/fixed/raw,coarse,inner,fixed,raw,False,KEEP,ok,,32,0.005550995469093323,0.02009198069572449,0.034499609470367454,0.060394615255376344,1.0
IGI-LG756580087,wide,coarse/inner/fixed/relative,coarse,inner,fixed,relative,True,KEEP,ok,,32,0.006650209680460012,0.02157344256033628,0.03476596926481853,0.060394615255376344,1.0
IGI-LG756580087,wide,coarse/middle/fixed/raw,coarse,middle,fixed,raw,False,KEEP,ok,,32,0.006286710500717163,0.011230355501174929,0.030660569667816162,0.08981139933365065,0.9947916666666666
IGI-LG756580087,wide,coarse/middle/fixed/relative,coarse,middle,fixed,relative,True,KEEP,ok,,32,0.003088202135378873,0.0107160405920501,0.02285216457299785,0.08981139933365065,0.9947916666666666
IGI-LG756580087,wide,coarse/outer/fixed/raw,coarse,outer,fixed,raw,False,REVISE,ok,,32,0.0049672722816467285,0.013734397292137147,0.01903660893440251,0.09351286915504511,0.2951931226540743
IGI-LG756580087,wide,coarse/outer/fixed/relative,coarse,outer,fixed,relative,False,REVISE,ok,,32,0.007621058396435759,0.020336269430607342,0.03644861534630556,0.09351286915504511,0.2951931226540743
IGI-LG756520111,core,whole_stone/whole_stone/fixed/raw,whole_stone,whole_stone,fixed,raw,True,KEEP,review,foreground_or_nonuniformity_on_border;outline_near_image_edge,16,0.007585883140563965,0.026326268911361694,0.11018902063369751,,
IGI-LG756520111,core,coarse/centre/fixed/raw,coarse,centre,fixed,raw,False,KEEP,review,foreground_or_nonuniformity_on_border;outline_near_image_edge,16,0.010077640414237976,0.029996484518051147,0.14807546138763428,0.0412915512465374,1.0
IGI-LG756520111,core,coarse/centre/fixed/relative,coarse,centre,fixed,relative,True,KEEP,review,foreground_or_nonuniformity_on_border;outline_near_image_edge,16,0.011099420627681059,0.02410440827155133,0.05962840099786483,0.0412915512465374,1.0
IGI-LG756520111,core,coarse/inner/fixed/raw,coarse,inner,fixed,raw,False,KEEP,review,foreground_or_nonuniformity_on_border;outline_near_image_edge,16,0.01666116714477539,0.048516273498535156,0.1717049479484558,0.06979796706989247,1.0
IGI-LG756520111,core,coarse/inner/fixed/relative,coarse,inner,fixed,relative,True,KEEP,review,foreground_or_nonuniformity_on_border;outline_near_image_edge,16,0.009986337360752516,0.025142902320966595,0.07962734198553362,0.06979796706989247,1.0
IGI-LG756520111,core,coarse/middle/fixed/raw,coarse,middle,fixed,raw,False,KEEP,review,foreground_or_nonuniformity_on_border;outline_near_image_edge,16,0.00835275650024414,0.029963508248329163,0.11889061927795408,0.06686789772727272,1.0
IGI-LG756520111,core,coarse/middle/fixed/relative,coarse,middle,fixed,relative,True,KEEP,review,foreground_or_nonuniformity_on_border;outline_near_image_edge,16,0.004622994864987434,0.02292081390836343,0.020733704704706646,0.06686789772727272,1.0
IGI-LG756520111,core,coarse/outer/fixed/raw,coarse,outer,fixed,raw,False,REVISE,review,foreground_or_nonuniformity_on_border;outline_near_image_edge,16,0.007516056299209595,0.01957648992538452,0.06885037422180174,0.06524202177881287,0.9156244596853207
IGI-LG756520111,core,coarse/outer/fixed/relative,coarse,outer,fixed,relative,False,REVISE,review,foreground_or_nonuniformity_on_border;outline_near_image_edge,16,0.002929943342411409,0.01691350840849276,0.04694330616886734,0.06524202177881287,0.9156244596853207
IGI-LG756520111,core,semantic/centre/fixed/raw,semantic,centre,fixed,raw,False,REVISE,review,foreground_or_nonuniformity_on_border;outline_near_image_edge,16,0.011347860097885132,0.051011741161346436,0.15888496637344363,,0.977364185110664
IGI-LG756520111,core,semantic/centre/fixed/relative,semantic,centre,fixed,relative,False,REVISE,review,foreground_or_nonuniformity_on_border;outline_near_image_edge,16,0.007625791426916544,0.026760553508250358,0.058179749829632824,,0.977364185110664
IGI-LG756520111,core,semantic/inner_step/fixed/raw,semantic,inner_step,fixed,raw,False,REVISE,review,foreground_or_nonuniformity_on_border;outline_near_image_edge,16,0.004685699939727783,0.025210991501808167,0.09898353815078731,,0.9302796173657101
IGI-LG756520111,core,semantic/inner_step/fixed/relative,semantic,inner_step,fixed,relative,False,REVISE,review,foreground_or_nonuniformity_on_border;outline_near_image_edge,16,0.007063302394521284,0.01750388919043154,0.020444430953404025,,0.9302796173657101
IGI-LG756520111,core,semantic/middle_step/fixed/raw,semantic,middle_step,fixed,raw,False,REVISE,review,foreground_or_nonuniformity_on_border;outline_near_image_edge,16,0.016807854175567627,0.03584158420562744,0.12761316299438474,,0.8461135142220475
IGI-LG756520111,core,semantic/middle_step/fixed/relative,semantic,middle_step,fixed,relative,False,REVISE,review,foreground_or_nonuniformity_on_border;outline_near_image_edge,16,0.015695438405747282,0.028921874016340998,0.03558532809105899,,0.8461135142220475
IGI-LG756520111,core,semantic/outer_step/fixed/raw,semantic,outer_step,fixed,raw,False,REVISE,review,foreground_or_nonuniformity_on_border;outline_near_image_edge,16,0.008593127131462097,0.015472933650016785,0.02985914945602408,,0.7453115547489413
IGI-LG756520111,core,semantic/outer_step/fixed/relative,semantic,outer_step,fixed,relative,False,REVISE,review,foreground_or_nonuniformity_on_border;outline_near_image_edge,16,0.011271820534802773,0.03401163377280735,0.09912566011403186,,0.7453115547489413
IGI-LG756520111,wide,whole_stone/whole_stone/fixed/raw,whole_stone,whole_stone,fixed,raw,True,KEEP,review,foreground_or_nonuniformity_on_border;outline_near_image_edge,32,0.005970194935798645,0.027967867255210884,0.09953254461288452,,
IGI-LG756520111,wide,coarse/centre/fixed/raw,coarse,centre,fixed,raw,False,KEEP,review,foreground_or_nonuniformity_on_border;outline_near_image_edge,32,0.011334508657455444,0.031645432114601135,0.13993051052093497,0.028176939058171747,1.0
IGI-LG756520111,wide,coarse/centre/fixed/relative,coarse,centre,fixed,relative,True,KEEP,review,foreground_or_nonuniformity_on_border;outline_near_image_edge,32,0.011076286907103806,0.022242681851301842,0.05901410230215259,0.028176939058171747,1.0
IGI-LG756520111,wide,coarse/inner/fixed/raw,coarse,inner,fixed,raw,False,KEEP,review,foreground_or_nonuniformity_on_border;outline_near_image_edge,32,0.011566877365112305,0.03863608837127686,0.15688503980636603,0.047200520833333336,1.0
IGI-LG756520111,wide,coarse/inner/fixed/relative,coarse,inner,fixed,relative,True,KEEP,review,foreground_or_nonuniformity_on_border;outline_near_image_edge,32,0.004914488369533444,0.023940981462799698,0.0637874051312601,0.047200520833333336,1.0
IGI-LG756520111,wide,coarse/middle/fixed/raw,coarse,middle,fixed,raw,False,KEEP,review,foreground_or_nonuniformity_on_border;outline_near_image_edge,32,0.008126288652420044,0.033608448505401615,0.10654083490371702,0.053648792613636365,1.0
IGI-LG756520111,wide,coarse/middle/fixed/relative,coarse,middle,fixed,relative,True,KEEP,review,foreground_or_nonuniformity_on_border;outline_near_image_edge,32,0.005280051889138167,0.01629302368382476,0.018558533155840194,0.053648792613636365,1.0
IGI-LG756520111,wide,coarse/outer/fixed/raw,coarse,outer,fixed,raw,False,REVISE,review,foreground_or_nonuniformity_on_border;outline_near_image_edge,32,0.007330790162086487,0.0168894499540329,0.06302166581153867,0.05782371253693542,0.816474237463381
IGI-LG756520111,wide,coarse/outer/fixed/relative,coarse,outer,fixed,relative,False,REVISE,review,foreground_or_nonuniformity_on_border;outline_near_image_edge,32,0.008091038535141475,0.0180086746691865,0.04629816674101867,0.05782371253693542,0.816474237463381
IGI-LG756520111,wide,semantic/centre/fixed/raw,semantic,centre,fixed,raw,False,REVISE,review,foreground_or_nonuniformity_on_border;outline_near_image_edge,32,0.008549407124519348,0.03874581158161164,0.14897518157958978,,0.9228781554362949
IGI-LG756520111,wide,semantic/centre/fixed/relative,semantic,centre,fixed,relative,False,REVISE,review,foreground_or_nonuniformity_on_border;outline_near_image_edge,32,0.003925969174363076,0.019114757980820737,0.05270151077083292,,0.9228781554362949
IGI-LG756520111,wide,semantic/inner_step/fixed/raw,semantic,inner_step,fixed,raw,False,REVISE,review,foreground_or_nonuniformity_on_border;outline_near_image_edge,32,0.008301585912704468,0.030483418703079225,0.09134083986282349,,0.7963278101209136
IGI-LG756520111,wide,semantic/inner_step/fixed/relative,semantic,inner_step,fixed,relative,False,REVISE,review,foreground_or_nonuniformity_on_border;outline_near_image_edge,32,0.008300083284332665,0.01854857066328129,0.023200333808261597,,0.7963278101209136
IGI-LG756520111,wide,semantic/middle_step/fixed/raw,semantic,middle_step,fixed,raw,False,REVISE,review,foreground_or_nonuniformity_on_border;outline_near_image_edge,32,0.01179608702659607,0.03819747567176819,0.1273260474205017,,0.6020442930153322
IGI-LG756520111,wide,semantic/middle_step/fixed/relative,semantic,middle_step,fixed,relative,False,REVISE,review,foreground_or_nonuniformity_on_border;outline_near_image_edge,32,0.012476327627489694,0.031091697849422093,0.05097463399305709,,0.6020442930153322
IGI-LG756520111,wide,semantic/outer_step/fixed/raw,semantic,outer_step,fixed,raw,False,REVISE,review,foreground_or_nonuniformity_on_border;outline_near_image_edge,32,0.004611000418663025,0.01533421874046326,0.03484355211257928,,0.4589618225319879
IGI-LG756520111,wide,semantic/outer_step/fixed/relative,semantic,outer_step,fixed,relative,False,REVISE,review,foreground_or_nonuniformity_on_border;outline_near_image_edge,32,0.008556320298117821,0.0233815324055284,0.08898339506658676,,0.4589618225319879
IGI-LG818659722,core,whole_stone/whole_stone/fixed/raw,whole_stone,whole_stone,fixed,raw,True,KEEP,review,foreground_or_nonuniformity_on_border;outline_near_image_edge,16,0.02212938666343689,0.06440234184265137,0.13746194839477544,,
IGI-LG818659722,core,coarse/centre/fixed/raw,coarse,centre,fixed,raw,False,KEEP,review,foreground_or_nonuniformity_on_border;outline_near_image_edge,16,0.03829316794872284,0.1364162713289261,0.2534996509552002,0.0972558864265928,1.0
IGI-LG818659722,core,coarse/centre/fixed/relative,coarse,centre,fixed,relative,True,KEEP,review,foreground_or_nonuniformity_on_border;outline_near_image_edge,16,0.045980002539862924,0.12996188959366384,0.17675200495061433,0.0972558864265928,1.0
IGI-LG818659722,core,coarse/inner/fixed/raw,coarse,inner,fixed,raw,False,KEEP,review,foreground_or_nonuniformity_on_border;outline_near_image_edge,16,0.047803327441215515,0.14990387856960297,0.3237038135528564,0.16995337701612903,1.0
IGI-LG818659722,core,coarse/inner/fixed/relative,coarse,inner,fixed,relative,True,KEEP,review,foreground_or_nonuniformity_on_border;outline_near_image_edge,16,0.048664650324539066,0.1696452028301031,0.278834844971213,0.16995337701612903,1.0
IGI-LG818659722,core,coarse/middle/fixed/raw,coarse,middle,fixed,raw,False,KEEP,review,foreground_or_nonuniformity_on_border;outline_near_image_edge,16,0.03392218053340912,0.08472396433353424,0.18223286271095285,0.11105587121212121,1.0
IGI-LG818659722,core,coarse/middle/fixed/relative,coarse,middle,fixed,relative,True,KEEP,review,foreground_or_nonuniformity_on_border;outline_near_image_edge,16,0.024842516486233424,0.06728150134247138,0.08464106360426321,0.11105587121212121,1.0
IGI-LG818659722,core,coarse/outer/fixed/raw,coarse,outer,fixed,raw,False,REVISE,review,foreground_or_nonuniformity_on_border;outline_near_image_edge,16,0.018372148275375366,0.02747446298599243,0.06963342428207397,0.06957734637725466,0.9448841643075856
IGI-LG818659722,core,coarse/outer/fixed/relative,coarse,outer,fixed,relative,False,REVISE,review,foreground_or_nonuniformity_on_border;outline_near_image_edge,16,0.024724250857088882,0.053114892889932486,0.09531873929364285,0.06957734637725466,0.9448841643075856
IGI-LG818659722,core,semantic/centre/fixed/raw,semantic,centre,fixed,raw,False,REVISE,review,foreground_or_nonuniformity_on_border;outline_near_image_edge;semantic_window_edge,16,0.03962472081184387,0.15211644768714905,0.2922241866588593,,0.9770030280710369
IGI-LG818659722,core,semantic/centre/fixed/relative,semantic,centre,fixed,relative,False,REVISE,review,foreground_or_nonuniformity_on_border;outline_near_image_edge;semantic_window_edge,16,0.03325578402722314,0.12883902435274516,0.22735610898413264,,0.9770030280710369
IGI-LG818659722,core,semantic/inner_step/fixed/raw,semantic,inner_step,fixed,raw,False,REVISE,review,foreground_or_nonuniformity_on_border;outline_near_image_edge;semantic_window_edge,16,0.02472388744354248,0.04303450882434845,0.11153332591056819,,0.9092311648238621
IGI-LG818659722,core,semantic/inner_step/fixed/relative,semantic,inner_step,fixed,relative,False,REVISE,review,foreground_or_nonuniformity_on_border;outline_near_image_edge;semantic_window_edge,16,0.014954816131798651,0.040807013765847014,0.04894992137501039,,0.9092311648238621
IGI-LG818659722,core,semantic/middle_step/fixed/raw,semantic,middle_step,fixed,raw,False,REVISE,review,foreground_or_nonuniformity_on_border;outline_near_image_edge;semantic_window_edge,16,0.019043922424316406,0.0403764545917511,0.11264954805374139,,0.8704251883745964
IGI-LG818659722,core,semantic/middle_step/fixed/relative,semantic,middle_step,fixed,relative,False,REVISE,review,foreground_or_nonuniformity_on_border;outline_near_image_edge;semantic_window_edge,16,0.020519116587331528,0.03531822140655826,0.06077223997774106,,0.8704251883745964
IGI-LG818659722,core,semantic/outer_step/fixed/raw,semantic,outer_step,fixed,raw,False,REVISE,review,foreground_or_nonuniformity_on_border;outline_near_image_edge;semantic_window_edge,16,0.005812540650367737,0.032272160053253174,0.043506395816802934,,0.83568281938326
IGI-LG818659722,core,semantic/outer_step/fixed/relative,semantic,outer_step,fixed,relative,False,REVISE,review,foreground_or_nonuniformity_on_border;outline_near_image_edge;semantic_window_edge,16,0.03316592176642709,0.06631865677143728,0.13340702477453803,,0.83568281938326
IGI-LG818659722,wide,whole_stone/whole_stone/fixed/raw,whole_stone,whole_stone,fixed,raw,True,KEEP,review,foreground_or_nonuniformity_on_border;outline_near_image_edge,32,0.010507047176361084,0.04566524624824527,0.12853921651840206,,
IGI-LG818659722,wide,coarse/centre/fixed/raw,coarse,centre,fixed,raw,False,KEEP,review,foreground_or_nonuniformity_on_border;outline_near_image_edge,32,0.036354318261146545,0.08695251047611238,0.17571306228637695,0.0516577216066482,1.0
IGI-LG818659722,wide,coarse/centre/fixed/relative,coarse,centre,fixed,relative,True,KEEP,review,foreground_or_nonuniformity_on_border;outline_near_image_edge,32,0.044130024352621505,0.1093316313290803,0.11944983472096306,0.0516577216066482,1.0
IGI-LG818659722,wide,coarse/inner/fixed/raw,coarse,inner,fixed,raw,False,KEEP,review,foreground_or_nonuniformity_on_border;outline_near_image_edge,32,0.029057472944259644,0.10212304294109348,0.2939717471599579,0.09649592573924731,1.0
IGI-LG818659722,wide,coarse/inner/fixed/relative,coarse,inner,fixed,relative,True,KEEP,review,foreground_or_nonuniformity_on_border;outline_near_image_edge,32,0.026038327583091207,0.11477487930714209,0.21765307570275738,0.09649592573924731,1.0
IGI-LG818659722,wide,coarse/middle/fixed/raw,coarse,middle,fixed,raw,False,KEEP,review,foreground_or_nonuniformity_on_border;outline_near_image_edge,32,0.018076837062835693,0.05855921208858491,0.15094860792160036,0.07041015625,1.0
IGI-LG818659722,wide,coarse/middle/fixed/relative,coarse,middle,fixed,relative,True,KEEP,review,foreground_or_nonuniformity_on_border;outline_near_image_edge,32,0.014583529039124639,0.043751195903760226,0.046343236576446956,0.07041015625,1.0
IGI-LG818659722,wide,coarse/outer/fixed/raw,coarse,outer,fixed,raw,False,REVISE,review,foreground_or_nonuniformity_on_border;outline_near_image_edge,32,0.00803646445274353,0.028265249729156495,0.08138117790222166,0.0547065210238863,0.8595588235294118
IGI-LG818659722,wide,coarse/outer/fixed/relative,coarse,outer,fixed,relative,False,REVISE,review,foreground_or_nonuniformity_on_border;outline_near_image_edge,32,0.016269772224372404,0.039556822800754315,0.07793812809809542,0.0547065210238863,0.8595588235294118
IGI-LG818659722,wide,semantic/centre/fixed/raw,semantic,centre,fixed,raw,False,REVISE,review,foreground_or_nonuniformity_on_border;outline_near_image_edge,32,0.028913334012031555,0.08888529539108277,0.2717095494270325,,0.9332889332889333
IGI-LG818659722,wide,semantic/centre/fixed/relative,semantic,centre,fixed,relative,False,REVISE,review,foreground_or_nonuniformity_on_border;outline_near_image_edge,32,0.025832013652104052,0.11106785173179104,0.19001467102618086,,0.9332889332889333
IGI-LG818659722,wide,semantic/inner_step/fixed/raw,semantic,inner_step,fixed,raw,False,REVISE,review,foreground_or_nonuniformity_on_border;outline_near_image_edge,32,0.01677510142326355,0.049999651312828075,0.13271409273147583,,0.8379316328301232
IGI-LG818659722,wide,semantic/inner_step/fixed/relative,semantic,inner_step,fixed,relative,False,REVISE,review,foreground_or_nonuniformity_on_border;outline_near_image_edge,32,0.011741467795403429,0.03267073829639653,0.044983628444535,,0.8379316328301232
IGI-LG818659722,wide,semantic/middle_step/fixed/raw,semantic,middle_step,fixed,raw,False,REVISE,review,foreground_or_nonuniformity_on_border;outline_near_image_edge,32,0.008630961179733276,0.06111198663711553,0.13298292160034186,,0.656892523364486
IGI-LG818659722,wide,semantic/middle_step/fixed/relative,semantic,middle_step,fixed,relative,False,REVISE,review,foreground_or_nonuniformity_on_border;outline_near_image_edge,32,0.015515844089005526,0.030670707963597655,0.04014766657681028,,0.656892523364486
IGI-LG818659722,wide,semantic/outer_step/fixed/raw,semantic,outer_step,fixed,raw,False,REVISE,review,foreground_or_nonuniformity_on_border;outline_near_image_edge,32,0.009540945291519165,0.02656248509883881,0.05142977833747864,,0.5879551542811787
IGI-LG818659722,wide,semantic/outer_step/fixed/relative,semantic,outer_step,fixed,relative,False,REVISE,review,foreground_or_nonuniformity_on_border;outline_near_image_edge,32,0.02040621487660787,0.049533109085203586,0.14035578483072664,,0.5879551542811787
IGI-LG836619414,core,whole_stone/whole_stone/fixed/raw,whole_stone,whole_stone,fixed,raw,True,KEEP,ok,,16,0.0067498087882995605,0.026407256722450256,0.07579008936882026,,
IGI-LG836619414,core,coarse/centre/fixed/raw,coarse,centre,fixed,raw,False,KEEP,ok,,16,0.008121147751808167,0.03722082078456879,0.07134375572204588,0.06717451523545706,1.0
IGI-LG836619414,core,coarse/centre/fixed/relative,coarse,centre,fixed,relative,True,KEEP,ok,,16,0.014958113432199244,0.04137290222004626,0.05060509646137193,0.06717451523545706,1.0
IGI-LG836619414,core,coarse/inner/fixed/raw,coarse,inner,fixed,raw,False,KEEP,ok,,16,0.021175891160964966,0.03450138866901398,0.10368111729621887,0.10970052083333333,1.0
IGI-LG836619414,core,coarse/inner/fixed/relative,coarse,inner,fixed,relative,True,KEEP,ok,,16,0.021587586988502827,0.03800934881501075,0.056317863651336605,0.10970052083333333,1.0
IGI-LG836619414,core,coarse/middle/fixed/raw,coarse,middle,fixed,raw,False,KEEP,ok,,16,0.013319224119186401,0.022861957550048828,0.07777569293975828,0.15135192726583957,0.999905303030303
IGI-LG836619414,core,coarse/middle/fixed/relative,coarse,middle,fixed,relative,True,KEEP,ok,,16,0.011442952637702009,0.024974184111309028,0.038823963398823186,0.15135192726583957,0.999905303030303
IGI-LG836619414,core,coarse/outer/fixed/raw,coarse,outer,fixed,raw,False,REVISE,ok,,16,0.014533370733261108,0.048920780420303345,0.0500643253326416,0.14191963631030943,0.4266408058562222
IGI-LG836619414,core,coarse/outer/fixed/relative,coarse,outer,fixed,relative,False,REVISE,ok,,16,0.02873882270043278,0.06384006624496577,0.09271453912139738,0.14191963631030943,0.4266408058562222
IGI-LG836619414,core,semantic/centre/fixed/raw,semantic,centre,fixed,raw,False,REVISE,ok,,16,0.008029252290725708,0.03030511736869812,0.09561106562614441,,0.7427574171029668
IGI-LG836619414,core,semantic/centre/fixed/relative,semantic,centre,fixed,relative,False,REVISE,ok,,16,0.006294273088929964,0.023533937818970896,0.040294157673590306,,0.7427574171029668
IGI-LG836619414,core,semantic/inner_step/fixed/raw,semantic,inner_step,fixed,raw,False,REVISE,ok,,16,0.016140595078468323,0.034846872091293335,0.11560360193252561,,0.42768120695309936
IGI-LG836619414,core,semantic/inner_step/fixed/relative,semantic,inner_step,fixed,relative,False,REVISE,ok,,16,0.02031694193170737,0.038126205888377535,0.0766766167753451,,0.42768120695309936
IGI-LG836619414,core,semantic/middle_step/fixed/raw,semantic,middle_step,fixed,raw,False,REVISE,ok,,16,0.032928839325904846,0.08497786521911621,0.23176095485687254,,0.08429943689963564
IGI-LG836619414,core,semantic/middle_step/fixed/relative,semantic,middle_step,fixed,relative,False,REVISE,ok,,16,0.052357440245790005,0.13611200831470957,0.28344060045561353,,0.08429943689963564
IGI-LG836619414,core,semantic/outer_step/fixed/raw,semantic,outer_step,fixed,raw,False,REVISE,ok,,16,0.07128274440765381,0.2609204053878784,0.23814492225646977,,0.037202683472250454
IGI-LG836619414,core,semantic/outer_step/fixed/relative,semantic,outer_step,fixed,relative,False,REVISE,ok,,16,0.08797308403073856,0.35624177973428267,0.32955364535463766,,0.037202683472250454
IGI-LG836619414,wide,whole_stone/whole_stone/fixed/raw,whole_stone,whole_stone,fixed,raw,True,KEEP,ok,,32,0.007881954312324524,0.024336171150207527,0.0973081052303314,,
IGI-LG836619414,wide,coarse/centre/fixed/raw,coarse,centre,fixed,raw,False,KEEP,ok,,32,0.010604485869407654,0.03835473358631134,0.10118556022644043,0.04473251385041551,1.0
IGI-LG836619414,wide,coarse/centre/fixed/relative,coarse,centre,fixed,relative,True,KEEP,ok,,32,0.0136215959996078,0.035484373583945114,0.05642580724813543,0.04473251385041551,1.0
IGI-LG836619414,wide,coarse/inner/fixed/raw,coarse,inner,fixed,raw,False,KEEP,ok,,32,0.015223920345306396,0.033608695864677435,0.11984248161315914,0.07424500168010753,1.0
IGI-LG836619414,wide,coarse/inner/fixed/relative,coarse,inner,fixed,relative,True,KEEP,ok,,32,0.008225687105870239,0.031731414209546976,0.03895164692617534,0.07424500168010753,1.0
IGI-LG836619414,wide,coarse/middle/fixed/raw,coarse,middle,fixed,raw,False,KEEP,ok,,32,0.009507417678833008,0.023519366979599006,0.08405854701995852,0.10630673222390317,0.9389204545454546
IGI-LG836619414,wide,coarse/middle/fixed/relative,coarse,middle,fixed,relative,True,KEEP,ok,,32,0.010210168236551423,0.020694413336808708,0.04628862168129642,0.10630673222390317,0.9389204545454546
IGI-LG836619414,wide,coarse/outer/fixed/raw,coarse,outer,fixed,raw,False,REVISE,ok,,32,0.014339238405227661,0.047107386589050296,0.17782709598541258,0.12934272300469485,0.19884241971620611
IGI-LG836619414,wide,coarse/outer/fixed/relative,coarse,outer,fixed,relative,False,REVISE,ok,,32,0.01387566094384246,0.0765335393310374,0.14722370121572553,0.12934272300469485,0.19884241971620611
IGI-LG836619414,wide,semantic/centre/fixed/raw,semantic,centre,fixed,raw,False,REVISE,ok,,32,0.006648823618888855,0.033732187747955326,0.1196104347705842,,0.6114980521780191
IGI-LG836619414,wide,semantic/centre/fixed/relative,semantic,centre,fixed,relative,False,REVISE,ok,,32,0.012415589530967303,0.027772542256128935,0.045988335464873215,,0.6114980521780191
IGI-LG836619414,wide,semantic/inner_step/fixed/raw,semantic,inner_step,fixed,raw,False,REVISE,ok,,32,0.015058249235153198,0.03177979290485383,0.16311198472976685,,0.22709017889740782
IGI-LG836619414,wide,semantic/inner_step/fixed/relative,semantic,inner_step,fixed,relative,False,REVISE,ok,,32,0.01221601587008031,0.0379232067550489,0.11608943410823949,,0.22709017889740782
IGI-LG836619414,wide,semantic/middle_step/fixed/raw,semantic,middle_step,fixed,raw,False,REVISE,ok,,32,0.034261539578437805,0.17761364579200759,0.3575971066951752,,0.007617493028633612
IGI-LG836619414,wide,semantic/middle_step/fixed/relative,semantic,middle_step,fixed,relative,False,REVISE,ok,,32,0.04271870131054832,0.24662604223875992,0.46984296058135155,,0.007617493028633612
IGI-LG836619414,wide,semantic/outer_step/fixed/raw,semantic,outer_step,fixed,raw,False,REVISE,ok,,32,0.01960781216621399,0.403716266155243,0.4086192965507507,,0.001725673569360944
IGI-LG836619414,wide,semantic/outer_step/fixed/relative,semantic,outer_step,fixed,relative,False,REVISE,ok,,32,0.02903993792801808,0.5070665246819624,0.5425194778339489,,0.001725673569360944
