certificate,window,pair,status,simple_q10,simple_q50,simple_q90,standardized_q10,standardized_q50,standardized_q90,localized_q10,localized_q50,localized_q90
IGI-LG756580087,core,centre__inner,ok,0.005639192562,0.0165281173,0.05608793637,0.03824024187,0.1305761963,0.3864250063,0.03995378179,0.0477889866,0.09176148926
IGI-LG756580087,core,inner__middle,ok,0.003720778597,0.03002132191,0.05773534532,0.02442646306,0.161709264,0.3816212073,0.03590475925,0.05019565866,0.07456057614
IGI-LG756580087,wide,centre__inner,ok,0.00976282934,0.03095239682,0.06073759079,0.06514330288,0.2569575174,0.5863522435,0.03813377003,0.05759551778,0.087039907
IGI-LG756580087,wide,inner__middle,ok,0.01740639283,0.03221665622,0.06485925854,0.1004808898,0.2202090141,0.4591303063,0.0334762335,0.05399830393,0.08830613007
IGI-LG756520111,core,centre__inner,review,0.005522512112,0.02578319058,0.07037260442,0.1076021373,0.2895998279,0.6242740708,0.02410788667,0.07255738725,0.121041007
IGI-LG756520111,core,inner__middle,review,0.003896323764,0.03763287348,0.05908803858,0.0344533054,0.2249600933,0.3783528696,0.01666444515,0.04205594466,0.07553841504
IGI-LG756520111,wide,centre__inner,review,0.003878182677,0.016648687,0.06191613558,0.05304905109,0.1796437782,0.5569174772,0.02321286355,0.04315146967,0.09990293722
IGI-LG756520111,wide,inner__middle,review,0.003826838826,0.01828215096,0.05086456174,0.03048803218,0.2041687308,0.3527164539,0.0173728623,0.03895268638,0.07466821378
IGI-LG818659722,core,centre__inner,review,0.004131736388,0.09293225756,0.1510961174,0.02245266978,0.3376535529,0.4530988986,0.02658294174,0.1003669481,0.1530961692
IGI-LG818659722,core,inner__middle,review,0.009388220077,0.1204362369,0.2544169377,0.07967012078,0.379543552,0.7898213845,0.04338699717,0.1020838068,0.2030686776
IGI-LG818659722,wide,centre__inner,review,0.008554142459,0.08925287558,0.1456729176,0.07044210817,0.4045905784,0.743751571,0.02064122737,0.06595638656,0.1412619718
IGI-LG818659722,wide,inner__middle,review,0.003594960233,0.02334518932,0.1865559268,0.02287540694,0.2257961589,0.6551747613,0.03190419086,0.06098203822,0.1809184142
IGI-LG836619414,core,centre__inner,ok,0.007007870512,0.01889072671,0.05934040891,0.04003499499,0.1619127329,0.3868824103,0.02090873145,0.03795472562,0.1060788101
IGI-LG836619414,core,inner__middle,ok,0.0126335629,0.05247669247,0.07200958045,0.09466950789,0.2610611276,0.3677653862,0.0376912876,0.09205899389,0.1411695653
IGI-LG836619414,wide,centre__inner,ok,0.005147518655,0.01963214349,0.04328698586,0.04526726971,0.179058224,0.3997726124,0.01701214929,0.03627273159,0.08406722255
IGI-LG836619414,wide,inner__middle,ok,0.008914043924,0.0347187613,0.06907112094,0.06475670402,0.2089991668,0.3860310725,0.02384982249,0.05218717371,0.1374389269
