certificate,window,pair,q10,q50,q90,weakest_source_index,weakest_separation,median_source_index,median_separation,strongest_source_index,strongest_separation,source_trace
IGI-LG756520111,core,centre__inner,0.0055225121117287055,0.025783190576463527,0.07037263907504367,249,0.0009199456617430546,3,0.025783190576463527,254,0.09539558016032487,docs/360/benchmark/per-stone/IGI-LG756520111/core/traces.json
IGI-LG756520111,core,inner__middle,0.003896338327230725,0.03763287347749433,0.05908807525385636,248,0.00023803492470544918,255,0.03763287347749433,0,0.0688151919309957,docs/360/benchmark/per-stone/IGI-LG756520111/core/traces.json
IGI-LG756520111,wide,centre__inner,0.003878182677225084,0.01664868699770669,0.061916164046629175,15,0.0004141915408629182,243,0.01664868699770669,254,0.09539558016032487,docs/360/benchmark/per-stone/IGI-LG756520111/wide/traces.json
IGI-LG756520111,wide,inner__middle,0.0038268679535208793,0.018282183902591773,0.05086453298263028,248,0.00023803492470544918,14,0.018282183902591773,0,0.0688151919309957,docs/360/benchmark/per-stone/IGI-LG756520111/wide/traces.json
IGI-LG756580087,core,centre__inner,0.0056391925624049155,0.016528117295267875,0.05608789574065609,3,0.0010899973550654307,249,0.016528117295267875,6,0.1038403420094468,docs/360/benchmark/per-stone/IGI-LG756580087/core/traces.json
IGI-LG756580087,core,inner__middle,0.003720794224799817,0.030021400578318647,0.05773534532225037,2,0.0014530687714394142,7,0.030021400578318647,252,0.065289853387625,docs/360/benchmark/per-stone/IGI-LG756580087/core/traces.json
IGI-LG756580087,wide,centre__inner,0.009762837434233429,0.03095239681650408,0.06073756718196123,3,0.0010899973550654307,16,0.03095239681650408,6,0.1038403420094468,docs/360/benchmark/per-stone/IGI-LG756580087/wide/traces.json
IGI-LG756580087,wide,inner__middle,0.017406400699369728,0.032216656224143325,0.06485922616214389,2,0.0006824575806355648,251,0.032216656224143325,240,0.09724728197964305,docs/360/benchmark/per-stone/IGI-LG756580087/wide/traces.json
IGI-LG818659722,core,centre__inner,0.004131749000425744,0.09293225755958995,0.1510960988190891,248,0.001286994080019782,8,0.09293225755958995,1,0.18081073684485666,docs/360/benchmark/per-stone/IGI-LG818659722/core/traces.json
IGI-LG818659722,core,inner__middle,0.009388220077353265,0.12043619369391234,0.2544169599994229,248,0.0009284426003868529,4,0.12043619369391234,2,0.31385127311759076,docs/360/benchmark/per-stone/IGI-LG818659722/core/traces.json
IGI-LG818659722,wide,centre__inner,0.008554149775910092,0.08925287558444134,0.145672952606884,248,0.001286994080019782,247,0.08925287558444134,1,0.18081073684485666,docs/360/benchmark/per-stone/IGI-LG818659722/wide/traces.json
IGI-LG818659722,wide,inner__middle,0.0035949602327175765,0.023345155513822463,0.18655592543707855,248,0.0009284426003868529,11,0.023345155513822463,2,0.31385127311759076,docs/360/benchmark/per-stone/IGI-LG818659722/wide/traces.json
IGI-LG836619414,core,centre__inner,0.0070078705124596245,0.0188906898336966,0.05934040890978795,254,0.0020307503159213147,249,0.0188906898336966,2,0.07842183055574259,docs/360/benchmark/per-stone/IGI-LG836619414/core/traces.json
IGI-LG836619414,core,inner__middle,0.012633562896802553,0.052476692471134734,0.07200955532071464,249,0.01169286539541814,6,0.052476692471134734,2,0.09666911735537603,docs/360/benchmark/per-stone/IGI-LG836619414/core/traces.json
IGI-LG836619414,wide,centre__inner,0.005147518654898186,0.019632181482071964,0.043286950699716574,12,0.001795868417899138,15,0.019632181482071964,2,0.07842183055574259,docs/360/benchmark/per-stone/IGI-LG836619414/wide/traces.json
IGI-LG836619414,wide,inner__middle,0.008914043923574444,0.03471872530259207,0.06907108743021549,246,0.001385712712159426,248,0.03471872530259207,2,0.09933973263533336,docs/360/benchmark/per-stone/IGI-LG836619414/wide/traces.json
