stone,window,pair,pearson_r,same_direction_fraction
IGI-LG756520111,core,centre__inner,0.4860299445,0.4375
IGI-LG756520111,core,inner__middle,0.4905907300,0.5000
IGI-LG756520111,wide,centre__inner,0.2812501260,0.46875
IGI-LG756520111,wide,inner__middle,0.2067739904,0.5000
IGI-LG756580087,core,centre__inner,0.4343388164,0.5625
IGI-LG756580087,core,inner__middle,-0.6237114584,0.5000
IGI-LG756580087,wide,centre__inner,0.3996589967,0.53125
IGI-LG756580087,wide,inner__middle,-0.8180726289,0.40625
IGI-LG818659722,core,centre__inner,0.5314286406,0.6250
IGI-LG818659722,core,inner__middle,0.3822326486,0.5000
IGI-LG818659722,wide,centre__inner,0.3067081929,0.59375
IGI-LG818659722,wide,inner__middle,0.3217423990,0.53125
IGI-LG836619414,core,centre__inner,-0.1021545538,0.3125
IGI-LG836619414,core,inner__middle,-0.2189669955,0.4375
IGI-LG836619414,wide,centre__inner,-0.0270440836,0.5625
IGI-LG836619414,wide,inner__middle,-0.7081172838,0.3125
