certificate,window,representation,region,support_mode,trace_type,status,reasons,total_excursion,mad_scale,persistent_support_fraction
IGI-LG756580087,core,whole_stone,whole_stone,fixed,raw,ok,,0.022581475973129206,0.006204225987195968,
IGI-LG756580087,core,coarse,centre,fixed,raw,ok,,0.0767689883708953,0.02991018841266632,1.0
IGI-LG756580087,core,coarse,centre,fixed,relative,ok,,0.07231796134979748,0.04163727438568329,1.0
IGI-LG756580087,core,coarse,centre,dynamic,raw,ok,,0.0767689883708953,0.02991018841266632,1.0
IGI-LG756580087,core,coarse,centre,dynamic,relative,ok,,0.07231796134979748,0.04163727438568329,1.0
IGI-LG756580087,core,coarse,inner,fixed,raw,ok,,0.034589076042175315,0.01057062427997589,1.0
IGI-LG756580087,core,coarse,inner,fixed,relative,ok,,0.03507454687665894,0.011627787885907613,1.0
IGI-LG756580087,core,coarse,inner,dynamic,raw,ok,,0.034589076042175315,0.01057062427997589,1.0
IGI-LG756580087,core,coarse,inner,dynamic,relative,ok,,0.03507454687665894,0.011627787885907613,1.0
IGI-LG756580087,core,coarse,middle,fixed,raw,ok,,0.03437269330024728,0.011321856343746184,1.0
IGI-LG756580087,core,coarse,middle,fixed,relative,ok,,0.017756912209351654,0.008963634921608465,1.0
IGI-LG756580087,core,coarse,middle,dynamic,raw,ok,,0.03437269330024728,0.011321856343746184,1.0
IGI-LG756580087,core,coarse,middle,dynamic,relative,ok,,0.017756912209351654,0.008963634921608465,1.0
IGI-LG756580087,core,coarse,outer,fixed,raw,ok,,0.008224171400070146,0.002938474130630493,0.5234997263938712
IGI-LG756580087,core,coarse,outer,fixed,relative,ok,,0.025152160456357705,0.010698146383166728,0.5234997263938712
IGI-LG756580087,core,coarse,outer,dynamic,raw,ok,,0.009245336055755615,0.005283854037523269,0.5234997263938712
IGI-LG756580087,core,coarse,outer,dynamic,relative,ok,,0.03187580745739156,0.008913082424003274,0.5234997263938712
IGI-LG756580087,core,semantic,centre,fixed,raw,ok,,0.04050508737564085,0.014470164674520492,0.7808219178082192
IGI-LG756580087,core,semantic,centre,fixed,relative,ok,,0.03600974127298416,0.01216523368860977,0.7808219178082192
IGI-LG756580087,core,semantic,centre,dynamic,raw,ok,,0.04138023257255552,0.017045924770832062,0.7808219178082192
IGI-LG756580087,core,semantic,centre,dynamic,relative,ok,,0.03421397796690315,0.01616904141510315,0.7808219178082192
IGI-LG756580087,core,semantic,inner_step,fixed,raw,ok,,0.03406826257705686,0.012071321010589598,0.5406121247792819
IGI-LG756580087,core,semantic,inner_step,fixed,relative,ok,,0.02153670727334413,0.007767163618211729,0.5406121247792819
IGI-LG756580087,core,semantic,inner_step,dynamic,raw,ok,,0.027658468484878518,0.011866568076610564,0.5406121247792819
IGI-LG756580087,core,semantic,inner_step,dynamic,relative,ok,,0.014698225414126308,0.006312604404141665,0.5406121247792819
IGI-LG756580087,core,semantic,middle_step,fixed,raw,ok,,0.04461212158203132,0.014951691967248916,0.07798813224074597
IGI-LG756580087,core,semantic,middle_step,fixed,relative,ok,,0.07548742547599605,0.026644963868386575,0.07798813224074597
IGI-LG756580087,core,semantic,middle_step,dynamic,raw,ok,,0.014440244436264016,0.004562270057201385,0.07798813224074597
IGI-LG756580087,core,semantic,middle_step,dynamic,relative,ok,,0.02269059909419964,0.009069736767479877,0.07798813224074597
IGI-LG756580087,core,semantic,outer_step,fixed,raw,ok,,0.12132052183151243,0.022347143483161924,0.05774832508010486
IGI-LG756580087,core,semantic,outer_step,fixed,relative,ok,,0.1715309480239655,0.019580760210370633,0.05774832508010486
IGI-LG756580087,core,semantic,outer_step,dynamic,raw,ok,,0.017567563056945734,0.007931591373682021,0.05774832508010486
IGI-LG756580087,core,semantic,outer_step,dynamic,relative,ok,,0.04745006801286908,0.014124524167497142,0.05774832508010486
IGI-LG756580087,wide,whole_stone,whole_stone,fixed,raw,ok,,0.020537757873535067,0.010835291969776152,
IGI-LG756580087,wide,coarse,centre,fixed,raw,ok,,0.06741003990173344,0.025332011783123016,1.0
IGI-LG756580087,wide,coarse,centre,fixed,relative,ok,,0.08489542300773877,0.03421170678250393,1.0
IGI-LG756580087,wide,coarse,centre,dynamic,raw,ok,,0.06741003990173344,0.025332011783123016,1.0
IGI-LG756580087,wide,coarse,centre,dynamic,relative,ok,,0.08489542300773877,0.03421170678250393,1.0
IGI-LG756580087,wide,coarse,inner,fixed,raw,ok,,0.034499609470367454,0.012497882258892059,1.0
IGI-LG756580087,wide,coarse,inner,fixed,relative,ok,,0.03476596926481853,0.013788107808371107,1.0
IGI-LG756580087,wide,coarse,inner,dynamic,raw,ok,,0.034499609470367454,0.012497882258892059,1.0
IGI-LG756580087,wide,coarse,inner,dynamic,relative,ok,,0.03476596926481853,0.013788107808371107,1.0
IGI-LG756580087,wide,coarse,middle,fixed,raw,ok,,0.030660569667816162,0.01368071265220642,0.9947916666666666
IGI-LG756580087,wide,coarse,middle,fixed,relative,ok,,0.02285216457299785,0.008841845189968727,0.9947916666666666
IGI-LG756580087,wide,coarse,middle,dynamic,raw,ok,,0.030520653724670388,0.01385855696797371,0.9947916666666666
IGI-LG756580087,wide,coarse,middle,dynamic,relative,ok,,0.022847605021997654,0.008564280735940398,0.9947916666666666
IGI-LG756580087,wide,coarse,outer,fixed,raw,ok,,0.01903660893440251,0.011705027997493744,0.2951931226540743
IGI-LG756580087,wide,coarse,outer,fixed,relative,ok,,0.03644861534630556,0.012480543873230582,0.2951931226540743
IGI-LG756580087,wide,coarse,outer,dynamic,raw,ok,,0.013193565607070967,0.004354866027832031,0.2951931226540743
IGI-LG756580087,wide,coarse,outer,dynamic,relative,ok,,0.033096328980715795,0.009771607462759506,0.2951931226540743
IGI-LG756520111,core,whole_stone,whole_stone,fixed,raw,review,foreground_or_nonuniformity_on_border;outline_near_image_edge,0.11018902063369751,0.04567342486381531,
IGI-LG756520111,core,coarse,centre,fixed,raw,review,foreground_or_nonuniformity_on_border;outline_near_image_edge,0.14807546138763428,0.07568470838069916,1.0
IGI-LG756520111,core,coarse,centre,fixed,relative,review,foreground_or_nonuniformity_on_border;outline_near_image_edge,0.05962840099786483,0.025875413344342724,1.0
IGI-LG756520111,core,coarse,centre,dynamic,raw,review,foreground_or_nonuniformity_on_border;outline_near_image_edge,0.14807546138763428,0.07568470838069916,1.0
IGI-LG756520111,core,coarse,centre,dynamic,relative,review,foreground_or_nonuniformity_on_border;outline_near_image_edge,0.05962840099786483,0.025875413344342724,1.0
IGI-LG756520111,core,coarse,inner,fixed,raw,review,foreground_or_nonuniformity_on_border;outline_near_image_edge,0.1717049479484558,0.07453519341945648,1.0
IGI-LG756520111,core,coarse,inner,fixed,relative,review,foreground_or_nonuniformity_on_border;outline_near_image_edge,0.07962734198553362,0.04263315588353672,1.0
IGI-LG756520111,core,coarse,inner,dynamic,raw,review,foreground_or_nonuniformity_on_border;outline_near_image_edge,0.1717049479484558,0.07453519341945648,1.0
IGI-LG756520111,core,coarse,inner,dynamic,relative,review,foreground_or_nonuniformity_on_border;outline_near_image_edge,0.07962734198553362,0.04263315588353672,1.0
IGI-LG756520111,core,coarse,middle,fixed,raw,review,foreground_or_nonuniformity_on_border;outline_near_image_edge,0.11889061927795408,0.0647634325504303,1.0
IGI-LG756520111,core,coarse,middle,fixed,relative,review,foreground_or_nonuniformity_on_border;outline_near_image_edge,0.020733704704706646,0.010458639806762416,1.0
IGI-LG756520111,core,coarse,middle,dynamic,raw,review,foreground_or_nonuniformity_on_border;outline_near_image_edge,0.11889061927795408,0.0647634325504303,1.0
IGI-LG756520111,core,coarse,middle,dynamic,relative,review,foreground_or_nonuniformity_on_border;outline_near_image_edge,0.020733704704706646,0.010458639806762416,1.0
IGI-LG756520111,core,coarse,outer,fixed,raw,review,foreground_or_nonuniformity_on_border;outline_near_image_edge,0.06885037422180174,0.029413638246059415,0.9156244596853207
IGI-LG756520111,core,coarse,outer,fixed,relative,review,foreground_or_nonuniformity_on_border;outline_near_image_edge,0.04694330616886734,0.029541457927937022,0.9156244596853207
IGI-LG756520111,core,coarse,outer,dynamic,raw,review,foreground_or_nonuniformity_on_border;outline_near_image_edge,0.06806557774543764,0.030737992948293685,0.9156244596853207
IGI-LG756520111,core,coarse,outer,dynamic,relative,review,foreground_or_nonuniformity_on_border;outline_near_image_edge,0.04708030853193214,0.02725091544820804,0.9156244596853207
IGI-LG756520111,core,semantic,centre,fixed,raw,review,foreground_or_nonuniformity_on_border;outline_near_image_edge,0.15888496637344363,0.06266570913791657,0.977364185110664
IGI-LG756520111,core,semantic,centre,fixed,relative,review,foreground_or_nonuniformity_on_border;outline_near_image_edge,0.058179749829632824,0.021157942594722416,0.977364185110664
IGI-LG756520111,core,semantic,centre,dynamic,raw,review,foreground_or_nonuniformity_on_border;outline_near_image_edge,0.15824156999588013,0.06231576454639434,0.977364185110664
IGI-LG756520111,core,semantic,centre,dynamic,relative,review,foreground_or_nonuniformity_on_border;outline_near_image_edge,0.05792993787780036,0.022332353748800896,0.977364185110664
IGI-LG756520111,core,semantic,inner_step,fixed,raw,review,foreground_or_nonuniformity_on_border;outline_near_image_edge,0.09898353815078731,0.0444570581138134,0.9302796173657101
IGI-LG756520111,core,semantic,inner_step,fixed,relative,review,foreground_or_nonuniformity_on_border;outline_near_image_edge,0.020444430953404025,0.0075508028584033455,0.9302796173657101
IGI-LG756520111,core,semantic,inner_step,dynamic,raw,review,foreground_or_nonuniformity_on_border;outline_near_image_edge,0.09907038211822505,0.04238491777181625,0.9302796173657101
IGI-LG756520111,core,semantic,inner_step,dynamic,relative,review,foreground_or_nonuniformity_on_border;outline_near_image_edge,0.02050337451034137,0.008268923602583304,0.9302796173657101
IGI-LG756520111,core,semantic,middle_step,fixed,raw,review,foreground_or_nonuniformity_on_border;outline_near_image_edge,0.12761316299438474,0.06104005744457244,0.8461135142220475
IGI-LG756520111,core,semantic,middle_step,fixed,relative,review,foreground_or_nonuniformity_on_border;outline_near_image_edge,0.03558532809105899,0.01501686128677474,0.8461135142220475
IGI-LG756520111,core,semantic,middle_step,dynamic,raw,review,foreground_or_nonuniformity_on_border;outline_near_image_edge,0.12544894218444824,0.05978078713417053,0.8461135142220475
IGI-LG756520111,core,semantic,middle_step,dynamic,relative,review,foreground_or_nonuniformity_on_border;outline_near_image_edge,0.034599858671080105,0.016413724123267505,0.8461135142220475
IGI-LG756520111,core,semantic,outer_step,fixed,raw,review,foreground_or_nonuniformity_on_border;outline_near_image_edge,0.02985914945602408,0.014981781899929046,0.7453115547489413
IGI-LG756520111,core,semantic,outer_step,fixed,relative,review,foreground_or_nonuniformity_on_border;outline_near_image_edge,0.09912566011403186,0.06124406084395046,0.7453115547489413
IGI-LG756520111,core,semantic,outer_step,dynamic,raw,review,foreground_or_nonuniformity_on_border;outline_near_image_edge,0.02782495021820064,0.013664275860786437,0.7453115547489413
IGI-LG756520111,core,semantic,outer_step,dynamic,relative,review,foreground_or_nonuniformity_on_border;outline_near_image_edge,0.09834486609603217,0.0587841402241496,0.7453115547489413
IGI-LG756520111,wide,whole_stone,whole_stone,fixed,raw,review,foreground_or_nonuniformity_on_border;outline_near_image_edge,0.09953254461288452,0.030633318865299224,
IGI-LG756520111,wide,coarse,centre,fixed,raw,review,foreground_or_nonuniformity_on_border;outline_near_image_edge,0.13993051052093497,0.06482975412011147,1.0
IGI-LG756520111,wide,coarse,centre,fixed,relative,review,foreground_or_nonuniformity_on_border;outline_near_image_edge,0.05901410230215259,0.02441257877767035,1.0
IGI-LG756520111,wide,coarse,centre,dynamic,raw,review,foreground_or_nonuniformity_on_border;outline_near_image_edge,0.13993051052093497,0.06482975412011147,1.0
IGI-LG756520111,wide,coarse,centre,dynamic,relative,review,foreground_or_nonuniformity_on_border;outline_near_image_edge,0.05901410230215259,0.02441257877767035,1.0
IGI-LG756520111,wide,coarse,inner,fixed,raw,review,foreground_or_nonuniformity_on_border;outline_near_image_edge,0.15688503980636603,0.04585542256236076,1.0
IGI-LG756520111,wide,coarse,inner,fixed,relative,review,foreground_or_nonuniformity_on_border;outline_near_image_edge,0.0637874051312601,0.021250664092931575,1.0
IGI-LG756520111,wide,coarse,inner,dynamic,raw,review,foreground_or_nonuniformity_on_border;outline_near_image_edge,0.15688503980636603,0.04585542256236076,1.0
IGI-LG756520111,wide,coarse,inner,dynamic,relative,review,foreground_or_nonuniformity_on_border;outline_near_image_edge,0.0637874051312601,0.021250664092931575,1.0
IGI-LG756520111,wide,coarse,middle,fixed,raw,review,foreground_or_nonuniformity_on_border;outline_near_image_edge,0.10654083490371702,0.038233744239807126,1.0
IGI-LG756520111,wide,coarse,middle,fixed,relative,review,foreground_or_nonuniformity_on_border;outline_near_image_edge,0.018558533155840194,0.009489924109430399,1.0
IGI-LG756520111,wide,coarse,middle,dynamic,raw,review,foreground_or_nonuniformity_on_border;outline_near_image_edge,0.10654083490371702,0.038233744239807126,1.0
IGI-LG756520111,wide,coarse,middle,dynamic,relative,review,foreground_or_nonuniformity_on_border;outline_near_image_edge,0.018558533155840194,0.009489924109430399,1.0
IGI-LG756520111,wide,coarse,outer,fixed,raw,review,foreground_or_nonuniformity_on_border;outline_near_image_edge,0.06302166581153867,0.024565801030397415,0.816474237463381
IGI-LG756520111,wide,coarse,outer,fixed,relative,review,foreground_or_nonuniformity_on_border;outline_near_image_edge,0.04629816674101867,0.014928278233118117,0.816474237463381
IGI-LG756520111,wide,coarse,outer,dynamic,raw,review,foreground_or_nonuniformity_on_border;outline_near_image_edge,0.055071783065795965,0.021145976346731186,0.816474237463381
IGI-LG756520111,wide,coarse,outer,dynamic,relative,review,foreground_or_nonuniformity_on_border;outline_near_image_edge,0.04907710114035788,0.015830181981161727,0.816474237463381
IGI-LG756520111,wide,semantic,centre,fixed,raw,review,foreground_or_nonuniformity_on_border;outline_near_image_edge,0.14897518157958978,0.05147234255075454,0.9228781554362949
IGI-LG756520111,wide,semantic,centre,fixed,relative,review,foreground_or_nonuniformity_on_border;outline_near_image_edge,0.05270151077083292,0.02083906112799626,0.9228781554362949
IGI-LG756520111,wide,semantic,centre,dynamic,raw,review,foreground_or_nonuniformity_on_border;outline_near_image_edge,0.14488406181335445,0.05103747453689575,0.9228781554362949
IGI-LG756520111,wide,semantic,centre,dynamic,relative,review,foreground_or_nonuniformity_on_border;outline_near_image_edge,0.05212014059404865,0.019221103431010515,0.9228781554362949
IGI-LG756520111,wide,semantic,inner_step,fixed,raw,review,foreground_or_nonuniformity_on_border;outline_near_image_edge,0.09134083986282349,0.035001086890697475,0.7963278101209136
IGI-LG756520111,wide,semantic,inner_step,fixed,relative,review,foreground_or_nonuniformity_on_border;outline_near_image_edge,0.023200333808261597,0.012450413138712514,0.7963278101209136
IGI-LG756520111,wide,semantic,inner_step,dynamic,raw,review,foreground_or_nonuniformity_on_border;outline_near_image_edge,0.08363829851150517,0.0382429347038269,0.7963278101209136
IGI-LG756520111,wide,semantic,inner_step,dynamic,relative,review,foreground_or_nonuniformity_on_border;outline_near_image_edge,0.024394710936504853,0.01094615662512948,0.7963278101209136
IGI-LG756520111,wide,semantic,middle_step,fixed,raw,review,foreground_or_nonuniformity_on_border;outline_near_image_edge,0.1273260474205017,0.030999788618087765,0.6020442930153322
IGI-LG756520111,wide,semantic,middle_step,fixed,relative,review,foreground_or_nonuniformity_on_border;outline_near_image_edge,0.05097463399305709,0.02164115611673573,0.6020442930153322
IGI-LG756520111,wide,semantic,middle_step,dynamic,raw,review,foreground_or_nonuniformity_on_border;outline_near_image_edge,0.09314898848533637,0.0308102352976799,0.6020442930153322
IGI-LG756520111,wide,semantic,middle_step,dynamic,relative,review,foreground_or_nonuniformity_on_border;outline_near_image_edge,0.029458320548963603,0.014764981984929875,0.6020442930153322
IGI-LG756520111,wide,semantic,outer_step,fixed,raw,review,foreground_or_nonuniformity_on_border;outline_near_image_edge,0.03484355211257928,0.020097689044475554,0.4589618225319879
IGI-LG756520111,wide,semantic,outer_step,fixed,relative,review,foreground_or_nonuniformity_on_border;outline_near_image_edge,0.08898339506658676,0.026424763975868404,0.4589618225319879
IGI-LG756520111,wide,semantic,outer_step,dynamic,raw,review,foreground_or_nonuniformity_on_border;outline_near_image_edge,0.03441739082336426,0.012553820371627807,0.4589618225319879
IGI-LG756520111,wide,semantic,outer_step,dynamic,relative,review,foreground_or_nonuniformity_on_border;outline_near_image_edge,0.08956979305391852,0.028291354458482614,0.4589618225319879
IGI-LG818659722,core,whole_stone,whole_stone,fixed,raw,review,foreground_or_nonuniformity_on_border;outline_near_image_edge,0.13746194839477544,0.030679889774322507,
IGI-LG818659722,core,coarse,centre,fixed,raw,review,foreground_or_nonuniformity_on_border;outline_near_image_edge,0.2534996509552002,0.05901095321774483,1.0
IGI-LG818659722,core,coarse,centre,fixed,relative,review,foreground_or_nonuniformity_on_border;outline_near_image_edge,0.17675200495061433,0.0613302510842317,1.0
IGI-LG818659722,core,coarse,centre,dynamic,raw,review,foreground_or_nonuniformity_on_border;outline_near_image_edge,0.2534996509552002,0.05901095321774483,1.0
IGI-LG818659722,core,coarse,centre,dynamic,relative,review,foreground_or_nonuniformity_on_border;outline_near_image_edge,0.17675200495061433,0.0613302510842317,1.0
IGI-LG818659722,core,coarse,inner,fixed,raw,review,foreground_or_nonuniformity_on_border;outline_near_image_edge,0.3237038135528564,0.08113421169519423,1.0
IGI-LG818659722,core,coarse,inner,fixed,relative,review,foreground_or_nonuniformity_on_border;outline_near_image_edge,0.278834844971213,0.0944940920310083,1.0
IGI-LG818659722,core,coarse,inner,dynamic,raw,review,foreground_or_nonuniformity_on_border;outline_near_image_edge,0.3237038135528564,0.08113421169519423,1.0
IGI-LG818659722,core,coarse,inner,dynamic,relative,review,foreground_or_nonuniformity_on_border;outline_near_image_edge,0.278834844971213,0.0944940920310083,1.0
IGI-LG818659722,core,coarse,middle,fixed,raw,review,foreground_or_nonuniformity_on_border;outline_near_image_edge,0.18223286271095285,0.05030948374271393,1.0
IGI-LG818659722,core,coarse,middle,fixed,relative,review,foreground_or_nonuniformity_on_border;outline_near_image_edge,0.08464106360426321,0.032126062882212494,1.0
IGI-LG818659722,core,coarse,middle,dynamic,raw,review,foreground_or_nonuniformity_on_border;outline_near_image_edge,0.18223286271095285,0.05030948374271393,1.0
IGI-LG818659722,core,coarse,middle,dynamic,relative,review,foreground_or_nonuniformity_on_border;outline_near_image_edge,0.08464106360426321,0.032126062882212494,1.0
IGI-LG818659722,core,coarse,outer,fixed,raw,review,foreground_or_nonuniformity_on_border;outline_near_image_edge,0.06963342428207397,0.03445787744522095,0.9448841643075856
IGI-LG818659722,core,coarse,outer,fixed,relative,review,foreground_or_nonuniformity_on_border;outline_near_image_edge,0.09531873929364285,0.0396536815419411,0.9448841643075856
IGI-LG818659722,core,coarse,outer,dynamic,raw,review,foreground_or_nonuniformity_on_border;outline_near_image_edge,0.06941035389900208,0.03446485866308212,0.9448841643075856
IGI-LG818659722,core,coarse,outer,dynamic,relative,review,foreground_or_nonuniformity_on_border;outline_near_image_edge,0.0956569657275772,0.039412999632990796,0.9448841643075856
IGI-LG818659722,core,semantic,centre,fixed,raw,review,foreground_or_nonuniformity_on_border;outline_near_image_edge;semantic_window_edge,0.2922241866588593,0.06185292747616768,0.9770030280710369
IGI-LG818659722,core,semantic,centre,fixed,relative,review,foreground_or_nonuniformity_on_border;outline_near_image_edge;semantic_window_edge,0.22735610898413264,0.0677340373248131,0.9770030280710369
IGI-LG818659722,core,semantic,centre,dynamic,raw,review,foreground_or_nonuniformity_on_border;outline_near_image_edge;semantic_window_edge,0.29189577102661135,0.06070168930292129,0.9770030280710369
IGI-LG818659722,core,semantic,centre,dynamic,relative,review,foreground_or_nonuniformity_on_border;outline_near_image_edge;semantic_window_edge,0.2281790599795956,0.06815705882093287,0.9770030280710369
IGI-LG818659722,core,semantic,inner_step,fixed,raw,review,foreground_or_nonuniformity_on_border;outline_near_image_edge;semantic_window_edge,0.11153332591056819,0.04726412628293037,0.9092311648238621
IGI-LG818659722,core,semantic,inner_step,fixed,relative,review,foreground_or_nonuniformity_on_border;outline_near_image_edge;semantic_window_edge,0.04894992137501039,0.02152185898704249,0.9092311648238621
IGI-LG818659722,core,semantic,inner_step,dynamic,raw,review,foreground_or_nonuniformity_on_border;outline_near_image_edge;semantic_window_edge,0.11449741125106816,0.04825254301428795,0.9092311648238621
IGI-LG818659722,core,semantic,inner_step,dynamic,relative,review,foreground_or_nonuniformity_on_border;outline_near_image_edge;semantic_window_edge,0.044277677312024075,0.018877301475176127,0.9092311648238621
IGI-LG818659722,core,semantic,middle_step,fixed,raw,review,foreground_or_nonuniformity_on_border;outline_near_image_edge;semantic_window_edge,0.11264954805374139,0.035181273007392884,0.8704251883745964
IGI-LG818659722,core,semantic,middle_step,fixed,relative,review,foreground_or_nonuniformity_on_border;outline_near_image_edge;semantic_window_edge,0.06077223997774106,0.021960771935925136,0.8704251883745964
IGI-LG818659722,core,semantic,middle_step,dynamic,raw,review,foreground_or_nonuniformity_on_border;outline_near_image_edge;semantic_window_edge,0.11895843744277956,0.03850464200377464,0.8704251883745964
IGI-LG818659722,core,semantic,middle_step,dynamic,relative,review,foreground_or_nonuniformity_on_border;outline_near_image_edge;semantic_window_edge,0.060009704940649125,0.016602592816585448,0.8704251883745964
IGI-LG818659722,core,semantic,outer_step,fixed,raw,review,foreground_or_nonuniformity_on_border;outline_near_image_edge;semantic_window_edge,0.043506395816802934,0.020791303968429563,0.83568281938326
IGI-LG818659722,core,semantic,outer_step,fixed,relative,review,foreground_or_nonuniformity_on_border;outline_near_image_edge;semantic_window_edge,0.13340702477453803,0.048561904226838086,0.83568281938326
IGI-LG818659722,core,semantic,outer_step,dynamic,raw,review,foreground_or_nonuniformity_on_border;outline_near_image_edge;semantic_window_edge,0.04342399239540096,0.02040755791068077,0.83568281938326
IGI-LG818659722,core,semantic,outer_step,dynamic,relative,review,foreground_or_nonuniformity_on_border;outline_near_image_edge;semantic_window_edge,0.13168601823720927,0.04515789652628587,0.83568281938326
IGI-LG818659722,wide,whole_stone,whole_stone,fixed,raw,review,foreground_or_nonuniformity_on_border;outline_near_image_edge,0.12853921651840206,0.03482885406017303,
IGI-LG818659722,wide,coarse,centre,fixed,raw,review,foreground_or_nonuniformity_on_border;outline_near_image_edge,0.17571306228637695,0.08335755284428596,1.0
IGI-LG818659722,wide,coarse,centre,fixed,relative,review,foreground_or_nonuniformity_on_border;outline_near_image_edge,0.11944983472096306,0.050323422878532094,1.0
IGI-LG818659722,wide,coarse,centre,dynamic,raw,review,foreground_or_nonuniformity_on_border;outline_near_image_edge,0.17571306228637695,0.08335755284428596,1.0
IGI-LG818659722,wide,coarse,centre,dynamic,relative,review,foreground_or_nonuniformity_on_border;outline_near_image_edge,0.11944983472096306,0.050323422878532094,1.0
IGI-LG818659722,wide,coarse,inner,fixed,raw,review,foreground_or_nonuniformity_on_border;outline_near_image_edge,0.2939717471599579,0.08002490501403808,1.0
IGI-LG818659722,wide,coarse,inner,fixed,relative,review,foreground_or_nonuniformity_on_border;outline_near_image_edge,0.21765307570275738,0.054269141418688396,1.0
IGI-LG818659722,wide,coarse,inner,dynamic,raw,review,foreground_or_nonuniformity_on_border;outline_near_image_edge,0.2939717471599579,0.08002490501403808,1.0
IGI-LG818659722,wide,coarse,inner,dynamic,relative,review,foreground_or_nonuniformity_on_border;outline_near_image_edge,0.21765307570275738,0.054269141418688396,1.0
IGI-LG818659722,wide,coarse,middle,fixed,raw,review,foreground_or_nonuniformity_on_border;outline_near_image_edge,0.15094860792160036,0.0437889820754528,1.0
IGI-LG818659722,wide,coarse,middle,fixed,relative,review,foreground_or_nonuniformity_on_border;outline_near_image_edge,0.046343236576446956,0.015291814663671207,1.0
IGI-LG818659722,wide,coarse,middle,dynamic,raw,review,foreground_or_nonuniformity_on_border;outline_near_image_edge,0.15094860792160036,0.0437889820754528,1.0
IGI-LG818659722,wide,coarse,middle,dynamic,relative,review,foreground_or_nonuniformity_on_border;outline_near_image_edge,0.046343236576446956,0.015291814663671207,1.0
IGI-LG818659722,wide,coarse,outer,fixed,raw,review,foreground_or_nonuniformity_on_border;outline_near_image_edge,0.08138117790222166,0.03732662776708603,0.8595588235294118
IGI-LG818659722,wide,coarse,outer,fixed,relative,review,foreground_or_nonuniformity_on_border;outline_near_image_edge,0.07793812809809542,0.032129011669263526,0.8595588235294118
IGI-LG818659722,wide,coarse,outer,dynamic,raw,review,foreground_or_nonuniformity_on_border;outline_near_image_edge,0.0765099406242371,0.03427194728851318,0.8595588235294118
IGI-LG818659722,wide,coarse,outer,dynamic,relative,review,foreground_or_nonuniformity_on_border;outline_near_image_edge,0.09657458591086074,0.03157146362270078,0.8595588235294118
IGI-LG818659722,wide,semantic,centre,fixed,raw,review,foreground_or_nonuniformity_on_border;outline_near_image_edge,0.2717095494270325,0.07873072861433028,0.9332889332889333
IGI-LG818659722,wide,semantic,centre,fixed,relative,review,foreground_or_nonuniformity_on_border;outline_near_image_edge,0.19001467102618086,0.05962857670776646,0.9332889332889333
IGI-LG818659722,wide,semantic,centre,dynamic,raw,review,foreground_or_nonuniformity_on_border;outline_near_image_edge,0.2704908549785614,0.07796089469790458,0.9332889332889333
IGI-LG818659722,wide,semantic,centre,dynamic,relative,review,foreground_or_nonuniformity_on_border;outline_near_image_edge,0.1875210004699138,0.06297811662097338,0.9332889332889333
IGI-LG818659722,wide,semantic,inner_step,fixed,raw,review,foreground_or_nonuniformity_on_border;outline_near_image_edge,0.13271409273147583,0.03186603403687477,0.8379316328301232
IGI-LG818659722,wide,semantic,inner_step,fixed,relative,review,foreground_or_nonuniformity_on_border;outline_near_image_edge,0.044983628444535,0.018121774920339815,0.8379316328301232
IGI-LG818659722,wide,semantic,inner_step,dynamic,raw,review,foreground_or_nonuniformity_on_border;outline_near_image_edge,0.1408024907112122,0.032389227712154384,0.8379316328301232
IGI-LG818659722,wide,semantic,inner_step,dynamic,relative,review,foreground_or_nonuniformity_on_border;outline_near_image_edge,0.03982935999672296,0.01551435959678968,0.8379316328301232
IGI-LG818659722,wide,semantic,middle_step,fixed,raw,review,foreground_or_nonuniformity_on_border;outline_near_image_edge,0.13298292160034186,0.06058309696912765,0.656892523364486
IGI-LG818659722,wide,semantic,middle_step,fixed,relative,review,foreground_or_nonuniformity_on_border;outline_near_image_edge,0.04014766657681028,0.012728284211156368,0.656892523364486
IGI-LG818659722,wide,semantic,middle_step,dynamic,raw,review,foreground_or_nonuniformity_on_border;outline_near_image_edge,0.12672027945518494,0.04683266050815582,0.656892523364486
IGI-LG818659722,wide,semantic,middle_step,dynamic,relative,review,foreground_or_nonuniformity_on_border;outline_near_image_edge,0.04124468180215997,0.014116574215335966,0.656892523364486
IGI-LG818659722,wide,semantic,outer_step,fixed,raw,review,foreground_or_nonuniformity_on_border;outline_near_image_edge,0.05142977833747864,0.024682625967264175,0.5879551542811787
IGI-LG818659722,wide,semantic,outer_step,fixed,relative,review,foreground_or_nonuniformity_on_border;outline_near_image_edge,0.14035578483072664,0.05019200886977589,0.5879551542811787
IGI-LG818659722,wide,semantic,outer_step,dynamic,raw,review,foreground_or_nonuniformity_on_border;outline_near_image_edge,0.053932863473892256,0.0241727761387825,0.5879551542811787
IGI-LG818659722,wide,semantic,outer_step,dynamic,relative,review,foreground_or_nonuniformity_on_border;outline_near_image_edge,0.13859936017201455,0.058402868387618954,0.5879551542811787
IGI-LG836619414,core,whole_stone,whole_stone,fixed,raw,ok,,0.07579008936882026,0.012895679122209548,
IGI-LG836619414,core,coarse,centre,fixed,raw,ok,,0.07134375572204588,0.017372628092765807,1.0
IGI-LG836619414,core,coarse,centre,fixed,relative,ok,,0.05060509646137193,0.019956749543807932,1.0
IGI-LG836619414,core,coarse,centre,dynamic,raw,ok,,0.07134375572204588,0.017372628092765807,1.0
IGI-LG836619414,core,coarse,centre,dynamic,relative,ok,,0.05060509646137193,0.019956749543807932,1.0
IGI-LG836619414,core,coarse,inner,fixed,raw,ok,,0.10368111729621887,0.025895457923412322,1.0
IGI-LG836619414,core,coarse,inner,fixed,relative,ok,,0.056317863651336605,0.010806474392646936,1.0
IGI-LG836619414,core,coarse,inner,dynamic,raw,ok,,0.10368111729621887,0.025895457923412322,1.0
IGI-LG836619414,core,coarse,inner,dynamic,relative,ok,,0.056317863651336605,0.010806474392646936,1.0
IGI-LG836619414,core,coarse,middle,fixed,raw,ok,,0.07777569293975828,0.028300796771049498,0.999905303030303
IGI-LG836619414,core,coarse,middle,fixed,relative,ok,,0.038823963398823186,0.021463691808188263,0.999905303030303
IGI-LG836619414,core,coarse,middle,dynamic,raw,ok,,0.07775921225547788,0.028312417405843733,0.999905303030303
IGI-LG836619414,core,coarse,middle,dynamic,relative,ok,,0.038825426181030416,0.021438400777063573,0.999905303030303
IGI-LG836619414,core,coarse,outer,fixed,raw,ok,,0.0500643253326416,0.014513244974613189,0.4266408058562222
IGI-LG836619414,core,coarse,outer,fixed,relative,ok,,0.09271453912139738,0.048827796496022584,0.4266408058562222
IGI-LG836619414,core,coarse,outer,dynamic,raw,ok,,0.044161081314086914,0.024569203269481657,0.4266408058562222
IGI-LG836619414,core,coarse,outer,dynamic,relative,ok,,0.10874767945237573,0.06194419824656605,0.4266408058562222
IGI-LG836619414,core,semantic,centre,fixed,raw,ok,,0.09561106562614441,0.023362866497039794,0.7427574171029668
IGI-LG836619414,core,semantic,centre,fixed,relative,ok,,0.040294157673590306,0.012192690773511101,0.7427574171029668
IGI-LG836619414,core,semantic,centre,dynamic,raw,ok,,0.09914467930793758,0.017052817618846892,0.7427574171029668
IGI-LG836619414,core,semantic,centre,dynamic,relative,ok,,0.04249294423625209,0.015803820002035812,0.7427574171029668
IGI-LG836619414,core,semantic,inner_step,fixed,raw,ok,,0.11560360193252561,0.04796653400659561,0.42768120695309936
IGI-LG836619414,core,semantic,inner_step,fixed,relative,ok,,0.0766766167753451,0.028962391570232338,0.42768120695309936
IGI-LG836619414,core,semantic,inner_step,dynamic,raw,ok,,0.08427644371986387,0.027861289340257642,0.42768120695309936
IGI-LG836619414,core,semantic,inner_step,dynamic,relative,ok,,0.05353879891576776,0.01970900100516088,0.42768120695309936
IGI-LG836619414,core,semantic,middle_step,fixed,raw,ok,,0.23176095485687254,0.05433640927076339,0.08429943689963564
IGI-LG836619414,core,semantic,middle_step,fixed,relative,ok,,0.28344060045561353,0.11674371787356479,0.08429943689963564
IGI-LG836619414,core,semantic,middle_step,dynamic,raw,ok,,0.06620759367942808,0.03043342627286911,0.08429943689963564
IGI-LG836619414,core,semantic,middle_step,dynamic,relative,ok,,0.06711326823339792,0.03437405150648205,0.08429943689963564
IGI-LG836619414,core,semantic,outer_step,fixed,raw,ok,,0.23814492225646977,0.0901036627292633,0.037202683472250454
IGI-LG836619414,core,semantic,outer_step,fixed,relative,ok,,0.32955364535463766,0.14241674657891618,0.037202683472250454
IGI-LG836619414,core,semantic,outer_step,dynamic,raw,ok,,0.058347570896148726,0.03610800758600235,0.037202683472250454
IGI-LG836619414,core,semantic,outer_step,dynamic,relative,ok,,0.13377653348083857,0.07118115089890613,0.037202683472250454
IGI-LG836619414,wide,whole_stone,whole_stone,fixed,raw,ok,,0.0973081052303314,0.057331881952285765,
IGI-LG836619414,wide,coarse,centre,fixed,raw,ok,,0.10118556022644043,0.04524187071919441,1.0
IGI-LG836619414,wide,coarse,centre,fixed,relative,ok,,0.05642580724813543,0.022235447874746413,1.0
IGI-LG836619414,wide,coarse,centre,dynamic,raw,ok,,0.10118556022644043,0.04524187071919441,1.0
IGI-LG836619414,wide,coarse,centre,dynamic,relative,ok,,0.05642580724813543,0.022235447874746413,1.0
IGI-LG836619414,wide,coarse,inner,fixed,raw,ok,,0.11984248161315914,0.0651163817167282,1.0
IGI-LG836619414,wide,coarse,inner,fixed,relative,ok,,0.03895164692617534,0.017541766200611184,1.0
IGI-LG836619414,wide,coarse,inner,dynamic,raw,ok,,0.11984248161315914,0.0651163817167282,1.0
IGI-LG836619414,wide,coarse,inner,dynamic,relative,ok,,0.03895164692617534,0.017541766200611184,1.0
IGI-LG836619414,wide,coarse,middle,fixed,raw,ok,,0.08405854701995852,0.03625337598323822,0.9389204545454546
IGI-LG836619414,wide,coarse,middle,fixed,relative,ok,,0.04628862168129642,0.017309202494535016,0.9389204545454546
IGI-LG836619414,wide,coarse,middle,dynamic,raw,ok,,0.08068701028823855,0.03774174512028694,0.9389204545454546
IGI-LG836619414,wide,coarse,middle,dynamic,relative,ok,,0.046226901763378354,0.019464579743952434,0.9389204545454546
IGI-LG836619414,wide,coarse,outer,fixed,raw,ok,,0.17782709598541258,0.05811793173551559,0.19884241971620611
IGI-LG836619414,wide,coarse,outer,fixed,relative,ok,,0.14722370121572553,0.018113362080635572,0.19884241971620611
IGI-LG836619414,wide,coarse,outer,dynamic,raw,ok,,0.04431403875350948,0.017255714786052704,0.19884241971620611
IGI-LG836619414,wide,coarse,outer,dynamic,relative,ok,,0.13362022618583153,0.06346681722671133,0.19884241971620611
IGI-LG836619414,wide,semantic,centre,fixed,raw,ok,,0.1196104347705842,0.05252186703085899,0.6114980521780191
IGI-LG836619414,wide,semantic,centre,fixed,relative,ok,,0.045988335464873215,0.016551671239630656,0.6114980521780191
IGI-LG836619414,wide,semantic,centre,dynamic,raw,ok,,0.11801506280899055,0.06395529030561446,0.6114980521780191
IGI-LG836619414,wide,semantic,centre,dynamic,relative,ok,,0.03857150039942059,0.019776126307006984,0.6114980521780191
IGI-LG836619414,wide,semantic,inner_step,fixed,raw,ok,,0.16311198472976685,0.05358637019991874,0.22709017889740782
IGI-LG836619414,wide,semantic,inner_step,fixed,relative,ok,,0.11608943410823949,0.03007119187301857,0.22709017889740782
IGI-LG836619414,wide,semantic,inner_step,dynamic,raw,ok,,0.08397822380065911,0.04068724465370178,0.22709017889740782
IGI-LG836619414,wide,semantic,inner_step,dynamic,relative,ok,,0.05437948144533063,0.024831553528460282,0.22709017889740782
IGI-LG836619414,wide,semantic,middle_step,fixed,raw,ok,,0.3575971066951752,0.14465348517894744,0.007617493028633612
IGI-LG836619414,wide,semantic,middle_step,fixed,relative,ok,,0.46984296058135155,0.17274515612568983,0.007617493028633612
IGI-LG836619414,wide,semantic,middle_step,dynamic,raw,ok,,0.08934496641159062,0.034654986387491225,0.007617493028633612
IGI-LG836619414,wide,semantic,middle_step,dynamic,relative,ok,,0.09055181873455487,0.035962788876398415,0.007617493028633612
IGI-LG836619414,wide,semantic,outer_step,fixed,raw,ok,,0.4086192965507507,0.038203433382511136,0.001725673569360944
IGI-LG836619414,wide,semantic,outer_step,fixed,relative,ok,,0.5425194778339489,0.09702935769269345,0.001725673569360944
IGI-LG836619414,wide,semantic,outer_step,dynamic,raw,ok,,0.05287873148918154,0.01787607110738754,0.001725673569360944
IGI-LG836619414,wide,semantic,outer_step,dynamic,relative,ok,,0.17275406092924425,0.07581580448058707,0.001725673569360944
