certificate,pipeline,family,element,frame_count,median_transition_width_u,median_confidence,median_longest_gap_fraction,median_fragment_count,median_position_residual_mad_u,median_local_contrast,median_peak_gradient,median_visibility_confidence,median_orientation_alignment,median_straightness_mad_radius,visibility_frame_mad,orientation_frame_mad,straightness_frame_mad_radius,angular_offset_frame_mad_deg
IGI-LG756580087,Diajewel,tier,centre_inner,17,0.028413424839900864,0.42597037145200045,0.0625,11.0,0.043334881659968856,0.21261753783285275,8.539790225582792,,,,,,,
IGI-LG756580087,Diajewel,tier,inner_middle,17,0.026642400869456906,0.4109886138506571,0.052083333333333336,14.0,0.04241173158054863,0.228743264566721,8.627526766650568,,,,,,,
IGI-LG756580087,Diajewel,tier,middle_outer,17,0.023897749116581934,0.3777332790279956,0.07291666666666667,17.0,0.02543706709622801,0.16207055264340342,5.799278901687643,,,,,,,
IGI-LG756580087,Diajewel,arm,SE,,,,0.109375,,,,,0.3977512643622467,0.921355556960444,0.011813536328422396,0.037671464108108274,0.030465024766710973,0.01103526624660549,4.304570303560942
IGI-LG756580087,Diajewel,arm,SW,,,,0.125,,,,,0.4288967875860943,0.9312484846368994,0.01335516978489677,0.04011728457908572,0.019213683780861128,0.012842262891688223,6.124460443245314
IGI-LG756580087,Diajewel,arm,NW,,,,0.125,,,,,0.35995912839441524,0.9130251021580347,0.014381335039717877,0.06097435531119757,0.024982372984371774,0.008023086470866402,3.0067512664648244
IGI-LG756580087,Diajewel,arm,NE,,,,0.125,,,,,0.39859587762127874,0.9222955222644094,0.01421951192710851,0.06739814711193151,0.025656185943755117,0.006781857972938427,2.641012539442898
IGI-LG756520111,Workshop,tier,centre_inner,17,0.028179200753098432,0.4382383305656943,0.07291666666666667,9.0,0.0489920229930259,0.10847062038767441,3.829070982866426,,,,,,,
IGI-LG756520111,Workshop,tier,inner_middle,17,0.026724465300851152,0.41378771939621073,0.052083333333333336,14.0,0.0445685397565489,0.1637060315855851,6.097753398111394,,,,,,,
IGI-LG756520111,Workshop,tier,middle_outer,17,0.022474694703915554,0.3985355898245,0.052083333333333336,18.0,0.02767247182537649,0.12297591688514758,4.963268215603968,,,,,,,
IGI-LG756520111,Workshop,arm,SE,,,,0.15625,,,,,0.4370839101934023,0.9424086590974122,0.008595869326459718,0.06751641528008376,0.02614772627423715,0.003199210659356276,3.979827333249408
IGI-LG756520111,Workshop,arm,SW,,,,0.109375,,,,,0.4100323893277854,0.8946192188359683,0.009648191451872873,0.0583484435072761,0.03970089089468715,0.0025598200395548407,1.4455045682956158
IGI-LG756520111,Workshop,arm,NW,,,,0.15625,,,,,0.3957300360734839,0.870966349287421,0.012020592165545525,0.036551313445585855,0.0994079456094495,0.007292577860952898,1.9474531937067383
IGI-LG756520111,Workshop,arm,NE,,,,0.15625,,,,,0.35103588287995025,0.8995796256061321,0.007993913897779401,0.055400102854945836,0.05722909466080175,0.0031065678173171954,6.178282100169837
IGI-LG818659722,Diajewel,tier,centre_inner,17,0.026219385219257013,0.4611920344802608,0.07291666666666667,8.0,0.04676131579861838,0.3108017912789591,11.848476474005828,,,,,,,
IGI-LG818659722,Diajewel,tier,inner_middle,17,0.027321596886141775,0.338833642806438,0.13541666666666666,14.0,0.039902077641917326,0.2585270181188093,9.433181812468163,,,,,,,
IGI-LG818659722,Diajewel,tier,middle_outer,17,0.023178245678974918,0.35438198662419307,0.09375,17.0,0.026836217699227772,0.1820498343812717,7.307193506935192,,,,,,,
IGI-LG818659722,Diajewel,arm,SE,,,,0.140625,,,,,0.42434832619220175,0.950833661784199,0.008606392690320552,0.056274179259249435,0.019504514620111168,0.0029223524041358515,0.5658437224334346
IGI-LG818659722,Diajewel,arm,SW,,,,0.109375,,,,,0.4126253087265281,0.9456177140156102,0.023012178770627566,0.03612965728351365,0.01915148561287102,0.017251308699867254,7.205129346371596
IGI-LG818659722,Diajewel,arm,NW,,,,0.125,,,,,0.4234286788275222,0.9315370839461744,0.015923159513362966,0.0280759990689596,0.027567816959147666,0.017956489965720128,2.3397434976884117
IGI-LG818659722,Diajewel,arm,NE,,,,0.125,,,,,0.38355514654920964,0.9275802239481032,0.01070764697344629,0.03197361107779381,0.03298557616342371,0.004087077028586488,2.2879054889301598
IGI-LG836619414,Diajewel,tier,centre_inner,17,0.027321540475065742,0.4106406676870597,0.09375,12.0,0.05119976564708217,0.20171052937627276,8.152589998923396,,,,,,,
IGI-LG836619414,Diajewel,tier,inner_middle,17,0.02633919326211004,0.3869512842339867,0.052083333333333336,14.0,0.04579128738872296,0.24682047441558014,9.335309175098129,,,,,,,
IGI-LG836619414,Diajewel,tier,middle_outer,17,0.022959605613608436,0.40338048613025945,0.052083333333333336,15.0,0.028770320953479752,0.2238987279167735,7.5344593768370345,,,,,,,
IGI-LG836619414,Diajewel,arm,SE,,,,0.125,,,,,0.38989520632542873,0.9071333622716149,0.015007174363448441,0.0444115372710042,0.039628078930377265,0.011081011489485983,6.782660585494653
IGI-LG836619414,Diajewel,arm,SW,,,,0.171875,,,,,0.32367437480098404,0.8593752754356808,0.009668058016221642,0.029947143003774834,0.05250292104384222,0.004153873383193478,3.4484882187326678
IGI-LG836619414,Diajewel,arm,NW,,,,0.125,,,,,0.4037327542776259,0.8898680704156172,0.01800526332204711,0.03288863838445291,0.04913000923018921,0.01376823830669717,6.116532226403584
IGI-LG836619414,Diajewel,arm,NE,,,,0.15625,,,,,0.3840968122875699,0.9230758908574765,0.014630979320524205,0.0511309007697519,0.028087963376942963,0.013057171891361418,6.0136584051871305
