certificate,source_pipeline,window,region,requested_frames,accepted_frames,excluded_frames,common_support_fraction,activation_amplitude_p90_p10,mean_relative_dark_pixel_fraction,region_dark_occupancy,transition_count,observed_adjacent_pairs,transition_rate,longest_dark_run_frames,longest_bright_run_frames,longest_dark_run_fraction,longest_bright_run_fraction,pixel_fraction_with_transitions,pixel_transitions_median,pixel_transitions_p90,pixel_longest_dark_run_p90_frames,pixel_longest_bright_run_p90_frames
IGI-LG756580087,diajewel,core,centre,17,17,0,1.0,0.07676898241043084,0.048028352615284334,0.0,0,16,0.0,0,17,0.0,1.0,0.3635734072022161,0.0,3.0,2.0,17.0
IGI-LG756580087,diajewel,core,inner,17,17,0,1.0,0.03458904027938836,0.07776921252371916,0.0,0,16,0.0,0,17,0.0,1.0,0.4322916666666667,0.0,3.0,4.0,17.0
IGI-LG756580087,diajewel,core,middle,17,17,0,1.0,0.034372711181640536,0.11214349376114083,0.0,0,16,0.0,0,17,0.0,1.0,0.5602272727272727,2.0,4.0,4.0,17.0
IGI-LG756580087,diajewel,core,outer,17,17,0,0.8235294117647058,0.008224141597747758,0.11907494705199152,0.0,0,16,0.0,0,17,0.0,1.0,0.5212543554006969,1.0,4.0,5.0,17.0
IGI-LG756580087,diajewel,wide,centre,33,33,0,1.0,0.06741002798080453,0.05525476370351716,0.0,0,32,0.0,0,33,0.0,1.0,0.5498614958448753,2.0,4.0,4.7000000000000455,33.0
IGI-LG756580087,diajewel,wide,inner,33,33,0,1.0,0.03449958562850952,0.07285557184750734,0.0,0,32,0.0,0,33,0.0,1.0,0.655241935483871,2.0,4.0,4.0,33.0
IGI-LG756580087,diajewel,wide,middle,33,33,0,0.9966793168880456,0.03066052198410041,0.10232356886331184,0.0,0,32,0.0,0,33,0.0,1.0,0.7000475963826749,2.0,7.0,5.0,33.0
IGI-LG756580087,diajewel,wide,outer,33,33,0,0.5789598670149608,0.019036614894866966,0.12164093767867354,0.0,0,32,0.0,0,33,0.0,1.0,0.7294913863822805,2.0,7.0,6.0,33.0
IGI-LG756520111,workshop,core,centre,17,17,0,1.0,0.14807543754577646,0.04277334202379013,0.0,0,16,0.0,0,17,0.0,1.0,0.3012465373961219,0.0,2.0,3.0,17.0
IGI-LG756520111,workshop,core,inner,17,17,0,1.0,0.1717049360275269,0.08233515180265655,0.0,0,16,0.0,0,17,0.0,1.0,0.40389784946236557,0.0,4.0,3.0,17.0
IGI-LG756520111,workshop,core,middle,17,17,0,1.0,0.11889064311981201,0.09286987522281641,0.0,0,16,0.0,0,17,0.0,1.0,0.4481060606060606,0.0,2.0,5.0,17.0
IGI-LG756520111,workshop,core,outer,17,17,0,0.9316249340292031,0.06885037422180174,0.10308835562927884,0.0,0,16,0.0,0,17,0.0,1.0,0.43532447913388306,0.0,3.0,5.0,17.0
IGI-LG756520111,workshop,wide,centre,33,33,0,1.0,0.13993046283721922,0.029043901620078902,0.0,0,32,0.0,0,33,0.0,1.0,0.3926592797783934,0.0,2.0,3.0,33.0
IGI-LG756520111,workshop,wide,inner,33,33,0,1.0,0.156885027885437,0.05330013848159009,0.0,0,32,0.0,0,33,0.0,1.0,0.49126344086021506,0.0,4.0,4.0,33.0
IGI-LG756520111,workshop,wide,middle,33,33,0,1.0,0.10654079914093018,0.06981749311294765,0.0,0,32,0.0,0,33,0.0,1.0,0.5649621212121212,2.0,4.0,5.0,33.0
IGI-LG756520111,workshop,wide,outer,33,33,0,0.9149073120494335,0.06302162408828738,0.08225565063893472,0.0,0,32,0.0,0,33,0.0,1.0,0.5882932320247644,2.0,4.0,7.0,33.0
IGI-LG818659722,diajewel,core,centre,17,17,0,1.0,0.25349968671798706,0.12159850089620333,0.0,0,16,0.0,0,17,0.0,1.0,0.5837950138504155,2.0,4.0,7.0,17.0
IGI-LG818659722,diajewel,core,inner,17,17,0,1.0,0.3237038135528564,0.17628281151170144,0.0,0,16,0.0,0,17,0.0,1.0,0.7815860215053764,2.0,6.0,6.0,17.0
IGI-LG818659722,diajewel,core,middle,17,17,0,1.0,0.18223283290863035,0.13042557932263815,0.0,0,16,0.0,0,17,0.0,1.0,0.5592803030303031,2.0,4.0,4.0,17.0
IGI-LG818659722,diajewel,core,outer,17,17,0,0.9466890483908312,0.06963342428207397,0.10996097613609798,0.0,0,16,0.0,0,17,0.0,1.0,0.4107612350963008,0.0,4.0,5.0,17.0
IGI-LG818659722,diajewel,wide,centre,33,33,0,1.0,0.17571303844451913,0.06245278267438932,0.0,0,32,0.0,0,33,0.0,1.0,0.5706371191135734,2.0,4.0,7.0,33.0
IGI-LG818659722,diajewel,wide,inner,33,33,0,1.0,0.29397175312042245,0.09223790322580645,0.0,0,32,0.0,0,33,0.0,1.0,0.7780577956989247,2.0,6.0,5.0,33.0
IGI-LG818659722,diajewel,wide,middle,33,33,0,1.0,0.15094861984252927,0.07420511937557392,0.0,0,32,0.0,0,33,0.0,1.0,0.6160984848484848,2.0,6.0,4.0,33.0
IGI-LG818659722,diajewel,wide,outer,33,33,0,0.936064059131506,0.08138122558593752,0.07605966887404013,0.0,0,32,0.0,0,33,0.0,1.0,0.555043758636573,2.0,4.0,8.0,33.0
IGI-LG836619414,diajewel,core,centre,17,17,0,1.0,0.0713437676429749,0.044402802672315465,0.0,0,16,0.0,0,17,0.0,1.0,0.4390581717451524,0.0,3.0,2.0,17.0
IGI-LG836619414,diajewel,core,inner,17,17,0,1.0,0.1036810994148255,0.1002826533839342,0.0,0,16,0.0,0,17,0.0,1.0,0.5473790322580645,1.0,5.0,3.0,17.0
IGI-LG836619414,diajewel,core,middle,17,17,0,0.999905303030303,0.07777569293975828,0.16100566564347113,0.0,0,16,0.0,0,17,0.0,1.0,0.626574486220286,2.0,6.0,5.0,17.0
IGI-LG836619414,diajewel,core,outer,17,17,0,0.7343312513461124,0.05006428956985476,0.14517395167481864,0.0,0,16,0.0,0,17,0.0,1.0,0.5978882534095908,2.0,6.0,4.199999999999818,17.0
IGI-LG836619414,diajewel,wide,centre,33,33,0,1.0,0.10118556022644043,0.02690338285906153,0.0,0,32,0.0,0,33,0.0,1.0,0.5069252077562327,2.0,4.0,2.0,33.0
IGI-LG836619414,diajewel,wide,inner,33,33,0,1.0,0.119842529296875,0.07481060606060606,0.0,0,32,0.0,0,33,0.0,1.0,0.5919018817204301,2.0,6.0,4.0,33.0
IGI-LG836619414,diajewel,wide,middle,33,33,0,0.9686400937866354,0.08405853509902961,0.11175904277265851,0.0,0,32,0.0,0,33,0.0,1.0,0.7104387291981845,2.0,8.0,6.0,33.0
IGI-LG836619414,diajewel,wide,outer,33,33,0,0.5230844793713163,0.17782709598541258,0.1415089865794091,0.0,0,32,0.0,0,33,0.0,1.0,0.8065727699530516,4.0,8.0,6.0,33.0
