certificate,window,representation,region,support_mode,threshold,status,reasons,regional_switch_rate,pixel_rate_q50,pixel_rate_q90,pixel_fraction_nonzero,observed_adjacent_pairs,eligible_pixel_pairs,persistent_support_fraction
IGI-LG756580087,core,coarse,centre,fixed,0.6,ok,,0.04717797783933518,0.0,0.125,0.3192520775623269,16,23104,1.0
IGI-LG756580087,core,coarse,centre,fixed,0.65,ok,,0.05574792243767313,0.0,0.1875,0.3635734072022161,16,23104,1.0
IGI-LG756580087,core,coarse,centre,fixed,0.7,ok,,0.06743421052631579,0.0,0.25,0.4314404432132964,16,23104,1.0
IGI-LG756580087,core,coarse,centre,pair_local,0.6,ok,,0.04717797783933518,0.0,0.125,0.3192520775623269,16,23104,1.0
IGI-LG756580087,core,coarse,centre,pair_local,0.65,ok,,0.05574792243767313,0.0,0.1875,0.3635734072022161,16,23104,1.0
IGI-LG756580087,core,coarse,centre,pair_local,0.7,ok,,0.06743421052631579,0.0,0.25,0.4314404432132964,16,23104,1.0
IGI-LG756580087,core,coarse,inner,fixed,0.6,ok,,0.05420446908602151,0.0,0.125,0.38306451612903225,16,95232,1.0
IGI-LG756580087,core,coarse,inner,fixed,0.65,ok,,0.062415994623655914,0.0,0.1875,0.4322916666666667,16,95232,1.0
IGI-LG756580087,core,coarse,inner,fixed,0.7,ok,,0.07312668010752688,0.0,0.1875,0.490255376344086,16,95232,1.0
IGI-LG756580087,core,coarse,inner,pair_local,0.6,ok,,0.05420446908602151,0.0,0.125,0.38306451612903225,16,95232,1.0
IGI-LG756580087,core,coarse,inner,pair_local,0.65,ok,,0.062415994623655914,0.0,0.1875,0.4322916666666667,16,95232,1.0
IGI-LG756580087,core,coarse,inner,pair_local,0.7,ok,,0.07312668010752688,0.0,0.1875,0.490255376344086,16,95232,1.0
IGI-LG756580087,core,coarse,middle,fixed,0.6,ok,,0.09414654356060606,0.0,0.25,0.496875,16,168960,1.0
IGI-LG756580087,core,coarse,middle,fixed,0.65,ok,,0.10685369318181819,0.125,0.25,0.5602272727272727,16,168960,1.0
IGI-LG756580087,core,coarse,middle,fixed,0.7,ok,,0.1120797821969697,0.125,0.25,0.6203598484848485,16,168960,1.0
IGI-LG756580087,core,coarse,middle,pair_local,0.6,ok,,0.09414654356060606,0.0,0.25,0.496875,16,168960,1.0
IGI-LG756580087,core,coarse,middle,pair_local,0.65,ok,,0.10685369318181819,0.125,0.25,0.5602272727272727,16,168960,1.0
IGI-LG756580087,core,coarse,middle,pair_local,0.7,ok,,0.1120797821969697,0.125,0.25,0.6203598484848485,16,168960,1.0
IGI-LG756580087,core,coarse,outer,fixed,0.6,ok,,0.08109030197444832,0.0,0.25,0.4645760743321719,16,137760,0.5234997263938712
IGI-LG756580087,core,coarse,outer,fixed,0.65,ok,,0.09169570267131243,0.0625,0.25,0.5212543554006969,16,137760,0.5234997263938712
IGI-LG756580087,core,coarse,outer,fixed,0.7,ok,,0.10112514518002323,0.125,0.25,0.5816492450638792,16,137760,0.5234997263938712
IGI-LG756580087,core,coarse,outer,pair_local,0.6,ok,,0.06047813765579188,0.0,0.1875,0.2953054662379421,16,203958,0.5234997263938712
IGI-LG756580087,core,coarse,outer,pair_local,0.65,ok,,0.07013208601770952,0.0,0.25,0.3432154340836013,16,203958,0.5234997263938712
IGI-LG756580087,core,coarse,outer,pair_local,0.7,ok,,0.08054599476362781,0.0,0.25,0.40212218649517684,16,203958,0.5234997263938712
IGI-LG756580087,core,semantic,centre,fixed,0.6,ok,,0.049550060496067756,0.0,0.125,0.3490623109497883,16,105792,0.7808219178082192
IGI-LG756580087,core,semantic,centre,fixed,0.65,ok,,0.05565638233514821,0.0,0.125,0.3879310344827586,16,105792,0.7808219178082192
IGI-LG756580087,core,semantic,centre,fixed,0.7,ok,,0.06571385359951604,0.0,0.1875,0.44661222020568664,16,105792,0.7808219178082192
IGI-LG756580087,core,semantic,centre,pair_local,0.6,ok,,0.05311079870533233,0.0,0.1875,0.35692049808429116,16,122348,0.7808219178082192
IGI-LG756580087,core,semantic,centre,pair_local,0.65,ok,,0.06022166279792068,0.0,0.1875,0.39978448275862066,16,122348,0.7808219178082192
IGI-LG756580087,core,semantic,centre,pair_local,0.7,ok,,0.07082257168077942,0.0,0.25,0.45426245210727967,16,122348,0.7808219178082192
IGI-LG756580087,core,semantic,inner_step,fixed,0.6,ok,,0.08390888677191072,0.0,0.25,0.44447468698965703,16,117568,0.5406121247792819
IGI-LG756580087,core,semantic,inner_step,fixed,0.65,ok,,0.09773067501360914,0.0625,0.25,0.5096624931954273,16,117568,0.5406121247792819
IGI-LG756580087,core,semantic,inner_step,fixed,0.7,ok,,0.0987768780620577,0.0625,0.25,0.5673652694610778,16,117568,0.5406121247792819
IGI-LG756580087,core,semantic,inner_step,pair_local,0.6,ok,,0.08540290302358104,0.0,0.25,0.3979009810631987,16,165896,0.5406121247792819
IGI-LG756580087,core,semantic,inner_step,pair_local,0.65,ok,,0.09881492019096301,0.0,0.3125,0.4515172256445357,16,165896,0.5406121247792819
IGI-LG756580087,core,semantic,inner_step,pair_local,0.7,ok,,0.10275714905724068,0.0625,0.3,0.5028519279032626,16,165896,0.5406121247792819
IGI-LG756580087,core,semantic,middle_step,fixed,0.6,ok,,0.08876811594202899,0.0,0.25,0.4939613526570048,16,13248,0.07798813224074597
IGI-LG756580087,core,semantic,middle_step,fixed,0.65,ok,,0.0966183574879227,0.0625,0.25,0.5471014492753623,16,13248,0.07798813224074597
IGI-LG756580087,core,semantic,middle_step,fixed,0.7,ok,,0.10024154589371981,0.0625,0.25,0.5978260869565217,16,13248,0.07798813224074597
IGI-LG756580087,core,semantic,middle_step,pair_local,0.6,ok,,0.10396408017463782,0.0,0.3333333333333333,0.3930267812026276,16,80624,0.07798813224074597
IGI-LG756580087,core,semantic,middle_step,pair_local,0.65,ok,,0.1127207779321294,0.0,0.3333333333333333,0.43041940373926224,16,80624,0.07798813224074597
IGI-LG756580087,core,semantic,middle_step,pair_local,0.7,ok,,0.11950535820599326,0.0,0.3333333333333333,0.4675088428499242,16,80624,0.07798813224074597
IGI-LG756580087,core,semantic,outer_step,fixed,0.6,ok,,0.022540983606557378,0.0,0.125,0.13871374527112232,16,12688,0.05774832508010486
IGI-LG756580087,core,semantic,outer_step,fixed,0.65,ok,,0.027900378310214375,0.0,0.125,0.2068095838587642,16,12688,0.05774832508010486
IGI-LG756580087,core,semantic,outer_step,fixed,0.7,ok,,0.048549810844892814,0.0,0.125,0.3455233291298865,16,12688,0.05774832508010486
IGI-LG756580087,core,semantic,outer_step,pair_local,0.6,ok,,0.020159953588596055,0.0,0.0,0.08429926238145416,16,96528,0.05774832508010486
IGI-LG756580087,core,semantic,outer_step,pair_local,0.65,ok,,0.02813691364163766,0.0,0.125,0.12012644889357219,16,96528,0.05774832508010486
IGI-LG756580087,core,semantic,outer_step,pair_local,0.7,ok,,0.04193601856456158,0.0,0.16666666666666666,0.17451568452622193,16,96528,0.05774832508010486
IGI-LG756580087,wide,coarse,centre,fixed,0.6,ok,,0.04414819944598338,0.015625,0.125,0.5,32,46208,1.0
IGI-LG756580087,wide,coarse,centre,fixed,0.65,ok,,0.0521338296398892,0.0625,0.125,0.5498614958448753,32,46208,1.0
IGI-LG756580087,wide,coarse,centre,fixed,0.7,ok,,0.060833621883656507,0.0625,0.125,0.6114958448753463,32,46208,1.0
IGI-LG756580087,wide,coarse,centre,pair_local,0.6,ok,,0.04414819944598338,0.015625,0.125,0.5,32,46208,1.0
IGI-LG756580087,wide,coarse,centre,pair_local,0.65,ok,,0.0521338296398892,0.0625,0.125,0.5498614958448753,32,46208,1.0
IGI-LG756580087,wide,coarse,centre,pair_local,0.7,ok,,0.060833621883656507,0.0625,0.125,0.6114958448753463,32,46208,1.0
IGI-LG756580087,wide,coarse,inner,fixed,0.6,ok,,0.05517578125,0.0625,0.125,0.6122311827956989,32,190464,1.0
IGI-LG756580087,wide,coarse,inner,fixed,0.65,ok,,0.060394615255376344,0.0625,0.125,0.655241935483871,32,190464,1.0
IGI-LG756580087,wide,coarse,inner,fixed,0.7,ok,,0.06858513944892473,0.0625,0.125,0.7229502688172043,32,190464,1.0
IGI-LG756580087,wide,coarse,inner,pair_local,0.6,ok,,0.05517578125,0.0625,0.125,0.6122311827956989,32,190464,1.0
IGI-LG756580087,wide,coarse,inner,pair_local,0.65,ok,,0.060394615255376344,0.0625,0.125,0.655241935483871,32,190464,1.0
IGI-LG756580087,wide,coarse,inner,pair_local,0.7,ok,,0.06858513944892473,0.0625,0.125,0.7229502688172043,32,190464,1.0
IGI-LG756580087,wide,coarse,middle,fixed,0.6,ok,,0.08027129938124702,0.0625,0.1875,0.647977153736316,32,336160,0.9947916666666666
IGI-LG756580087,wide,coarse,middle,fixed,0.65,ok,,0.08981139933365065,0.0625,0.21875,0.7000475963826749,32,336160,0.9947916666666666
IGI-LG756580087,wide,coarse,middle,fixed,0.7,ok,,0.09576987148976678,0.0625,0.21875,0.7506901475487863,32,336160,0.9947916666666666
IGI-LG756580087,wide,coarse,middle,pair_local,0.6,ok,,0.08024132194217982,0.0625,0.1875,0.6484848484848484,32,337806,0.9947916666666666
IGI-LG756580087,wide,coarse,middle,pair_local,0.65,ok,,0.08988887112721503,0.0625,0.21875,0.7011363636363637,32,337806,0.9947916666666666
IGI-LG756580087,wide,coarse,middle,pair_local,0.7,ok,,0.09593080051864088,0.0625,0.21875,0.7517992424242425,32,337806,0.9947916666666666
IGI-LG756580087,wide,coarse,outer,fixed,0.6,ok,,0.08403404429860542,0.0625,0.1875,0.6778096800656276,32,156032,0.2951931226540743
IGI-LG756580087,wide,coarse,outer,fixed,0.65,ok,,0.09351286915504511,0.0625,0.21875,0.7294913863822805,32,156032,0.2951931226540743
IGI-LG756580087,wide,coarse,outer,fixed,0.7,ok,,0.09748641304347826,0.0625,0.1875,0.7672272354388844,32,156032,0.2951931226540743
IGI-LG756580087,wide,coarse,outer,pair_local,0.6,ok,,0.05285140930407107,0.0,0.13333333333333333,0.3527717321725771,32,349073,0.2951931226540743
IGI-LG756580087,wide,coarse,outer,pair_local,0.65,ok,,0.0633449163928462,0.0,0.15962499999999863,0.41857636666239917,32,349073,0.2951931226540743
IGI-LG756580087,wide,coarse,outer,pair_local,0.7,ok,,0.0737639404938222,0.0,0.1875,0.4954551273844578,32,349073,0.2951931226540743
IGI-LG756520111,core,coarse,centre,fixed,0.6,review,foreground_or_nonuniformity_on_border;outline_near_image_edge,0.031769390581717454,0.0,0.125,0.2347645429362881,16,23104,1.0
IGI-LG756520111,core,coarse,centre,fixed,0.65,review,foreground_or_nonuniformity_on_border;outline_near_image_edge,0.0412915512465374,0.0,0.125,0.3012465373961219,16,23104,1.0
IGI-LG756520111,core,coarse,centre,fixed,0.7,review,foreground_or_nonuniformity_on_border;outline_near_image_edge,0.0488659972299169,0.0,0.125,0.3732686980609418,16,23104,1.0
IGI-LG756520111,core,coarse,centre,pair_local,0.6,review,foreground_or_nonuniformity_on_border;outline_near_image_edge,0.031769390581717454,0.0,0.125,0.2347645429362881,16,23104,1.0
IGI-LG756520111,core,coarse,centre,pair_local,0.65,review,foreground_or_nonuniformity_on_border;outline_near_image_edge,0.0412915512465374,0.0,0.125,0.3012465373961219,16,23104,1.0
IGI-LG756520111,core,coarse,centre,pair_local,0.7,review,foreground_or_nonuniformity_on_border;outline_near_image_edge,0.0488659972299169,0.0,0.125,0.3732686980609418,16,23104,1.0
IGI-LG756520111,core,coarse,inner,fixed,0.6,review,foreground_or_nonuniformity_on_border;outline_near_image_edge,0.0611349126344086,0.0,0.25,0.37281586021505375,16,95232,1.0
IGI-LG756520111,core,coarse,inner,fixed,0.65,review,foreground_or_nonuniformity_on_border;outline_near_image_edge,0.06979796706989247,0.0,0.25,0.40389784946236557,16,95232,1.0
IGI-LG756520111,core,coarse,inner,fixed,0.7,review,foreground_or_nonuniformity_on_border;outline_near_image_edge,0.0773479502688172,0.0,0.25,0.4366599462365591,16,95232,1.0
IGI-LG756520111,core,coarse,inner,pair_local,0.6,review,foreground_or_nonuniformity_on_border;outline_near_image_edge,0.0611349126344086,0.0,0.25,0.37281586021505375,16,95232,1.0
IGI-LG756520111,core,coarse,inner,pair_local,0.65,review,foreground_or_nonuniformity_on_border;outline_near_image_edge,0.06979796706989247,0.0,0.25,0.40389784946236557,16,95232,1.0
IGI-LG756520111,core,coarse,inner,pair_local,0.7,review,foreground_or_nonuniformity_on_border;outline_near_image_edge,0.0773479502688172,0.0,0.25,0.4366599462365591,16,95232,1.0
IGI-LG756520111,core,coarse,middle,fixed,0.6,review,foreground_or_nonuniformity_on_border;outline_near_image_edge,0.05910866477272727,0.0,0.125,0.3952651515151515,16,168960,1.0
IGI-LG756520111,core,coarse,middle,fixed,0.65,review,foreground_or_nonuniformity_on_border;outline_near_image_edge,0.06686789772727272,0.0,0.125,0.4481060606060606,16,168960,1.0
IGI-LG756520111,core,coarse,middle,fixed,0.7,review,foreground_or_nonuniformity_on_border;outline_near_image_edge,0.07604166666666666,0.0625,0.1875,0.512689393939394,16,168960,1.0
IGI-LG756520111,core,coarse,middle,pair_local,0.6,review,foreground_or_nonuniformity_on_border;outline_near_image_edge,0.05910866477272727,0.0,0.125,0.3952651515151515,16,168960,1.0
IGI-LG756520111,core,coarse,middle,pair_local,0.65,review,foreground_or_nonuniformity_on_border;outline_near_image_edge,0.06686789772727272,0.0,0.125,0.4481060606060606,16,168960,1.0
IGI-LG756520111,core,coarse,middle,pair_local,0.7,review,foreground_or_nonuniformity_on_border;outline_near_image_edge,0.07604166666666666,0.0625,0.1875,0.512689393939394,16,168960,1.0
IGI-LG756520111,core,coarse,outer,fixed,0.6,review,foreground_or_nonuniformity_on_border;outline_near_image_edge,0.05637077484735948,0.0,0.125,0.3774784414930446,16,254192,0.9156244596853207
IGI-LG756520111,core,coarse,outer,fixed,0.65,review,foreground_or_nonuniformity_on_border;outline_near_image_edge,0.06524202177881287,0.0,0.1875,0.43532447913388306,16,254192,0.9156244596853207
IGI-LG756520111,core,coarse,outer,fixed,0.7,review,foreground_or_nonuniformity_on_border;outline_near_image_edge,0.07366478882104865,0.0,0.1875,0.4988984704475357,16,254192,0.9156244596853207
IGI-LG756520111,core,coarse,outer,pair_local,0.6,review,foreground_or_nonuniformity_on_border;outline_near_image_edge,0.055614162072257986,0.0,0.125,0.3625933671945025,16,259736,0.9156244596853207
IGI-LG756520111,core,coarse,outer,pair_local,0.65,review,foreground_or_nonuniformity_on_border;outline_near_image_edge,0.06438845597067792,0.0,0.1875,0.41828503137137735,16,259736,0.9156244596853207
IGI-LG756520111,core,coarse,outer,pair_local,0.7,review,foreground_or_nonuniformity_on_border;outline_near_image_edge,0.07271999260787877,0.0,0.1875,0.47953391096504333,16,259736,0.9156244596853207
IGI-LG756520111,core,semantic,centre,fixed,0.6,review,foreground_or_nonuniformity_on_border;outline_near_image_edge,0.05958569222851261,0.0,0.125,0.3739577972207926,16,155440,0.977364185110664
IGI-LG756520111,core,semantic,centre,fixed,0.65,review,foreground_or_nonuniformity_on_border;outline_near_image_edge,0.06808414822439526,0.0,0.25,0.413484302624807,16,155440,0.977364185110664
IGI-LG756520111,core,semantic,centre,fixed,0.7,review,foreground_or_nonuniformity_on_border;outline_near_image_edge,0.07515440041173443,0.0,0.25,0.4577457539886773,16,155440,0.977364185110664
IGI-LG756520111,core,semantic,centre,pair_local,0.6,review,foreground_or_nonuniformity_on_border;outline_near_image_edge,0.05943598096515602,0.0,0.125,0.3697343165976361,16,156555,0.977364185110664
IGI-LG756520111,core,semantic,centre,pair_local,0.65,review,foreground_or_nonuniformity_on_border;outline_near_image_edge,0.06786752259589282,0.0,0.25,0.4090312152742701,16,156555,0.977364185110664
IGI-LG756520111,core,semantic,centre,pair_local,0.7,review,foreground_or_nonuniformity_on_border;outline_near_image_edge,0.07497684519817317,0.0,0.25,0.4534801495100515,16,156555,0.977364185110664
IGI-LG756520111,core,semantic,inner_step,fixed,0.6,review,foreground_or_nonuniformity_on_border;outline_near_image_edge,0.0560423670160174,0.0,0.125,0.39044888273680045,16,161824,0.9302796173657101
IGI-LG756520111,core,semantic,inner_step,fixed,0.65,review,foreground_or_nonuniformity_on_border;outline_near_image_edge,0.06505833498121416,0.0,0.125,0.44789400830531934,16,161824,0.9302796173657101
IGI-LG756520111,core,semantic,inner_step,fixed,0.7,review,foreground_or_nonuniformity_on_border;outline_near_image_edge,0.07537200909630215,0.0625,0.1875,0.5140399446312043,16,161824,0.9302796173657101
IGI-LG756520111,core,semantic,inner_step,pair_local,0.6,review,foreground_or_nonuniformity_on_border;outline_near_image_edge,0.05622888335798194,0.0,0.125,0.3822681179644618,16,166338,0.9302796173657101
IGI-LG756520111,core,semantic,inner_step,pair_local,0.65,review,foreground_or_nonuniformity_on_border;outline_near_image_edge,0.06516851230626797,0.0,0.125,0.4377151362917481,16,166338,0.9302796173657101
IGI-LG756520111,core,semantic,inner_step,pair_local,0.7,review,foreground_or_nonuniformity_on_border;outline_near_image_edge,0.07543676129327033,0.0625,0.1875,0.502093217973765,16,166338,0.9302796173657101
IGI-LG756520111,core,semantic,middle_step,fixed,0.6,review,foreground_or_nonuniformity_on_border;outline_near_image_edge,0.07278272656855152,0.0,0.1875,0.46692486444616577,16,103280,0.8461135142220475
IGI-LG756520111,core,semantic,middle_step,fixed,0.65,review,foreground_or_nonuniformity_on_border;outline_near_image_edge,0.07937645236250969,0.0625,0.1875,0.519442292796282,16,103280,0.8461135142220475
IGI-LG756520111,core,semantic,middle_step,fixed,0.7,review,foreground_or_nonuniformity_on_border;outline_near_image_edge,0.08639620449264136,0.125,0.1875,0.5804802478698683,16,103280,0.8461135142220475
IGI-LG756520111,core,semantic,middle_step,pair_local,0.6,review,foreground_or_nonuniformity_on_border;outline_near_image_edge,0.07165302576015414,0.0,0.1875,0.4366630958757365,16,111063,0.8461135142220475
IGI-LG756520111,core,semantic,middle_step,pair_local,0.65,review,foreground_or_nonuniformity_on_border;outline_near_image_edge,0.07852300045919883,0.0,0.1875,0.4884841992501339,16,111063,0.8461135142220475
IGI-LG756520111,core,semantic,middle_step,pair_local,0.7,review,foreground_or_nonuniformity_on_border;outline_near_image_edge,0.08607727145854155,0.125,0.1875,0.5483395822174612,16,111063,0.8461135142220475
IGI-LG756520111,core,semantic,outer_step,fixed,0.6,review,foreground_or_nonuniformity_on_border;outline_near_image_edge,0.037642045454545456,0.0,0.125,0.2573051948051948,16,98560,0.7453115547489413
IGI-LG756520111,core,semantic,outer_step,fixed,0.65,review,foreground_or_nonuniformity_on_border;outline_near_image_edge,0.04760551948051948,0.0,0.125,0.31931818181818183,16,98560,0.7453115547489413
IGI-LG756520111,core,semantic,outer_step,fixed,0.7,review,foreground_or_nonuniformity_on_border;outline_near_image_edge,0.055864448051948054,0.0,0.1875,0.3827922077922078,16,98560,0.7453115547489413
IGI-LG756520111,core,semantic,outer_step,pair_local,0.6,review,foreground_or_nonuniformity_on_border;outline_near_image_edge,0.037921655957943924,0.0,0.125,0.23654073976569698,16,109568,0.7453115547489413
IGI-LG756520111,core,semantic,outer_step,pair_local,0.65,review,foreground_or_nonuniformity_on_border;outline_near_image_edge,0.04722181658878505,0.0,0.13333333333333333,0.29037778070290904,16,109568,0.7453115547489413
IGI-LG756520111,core,semantic,outer_step,pair_local,0.7,review,foreground_or_nonuniformity_on_border;outline_near_image_edge,0.05548152745327103,0.0,0.1875,0.34869027247597734,16,109568,0.7453115547489413
IGI-LG756520111,wide,coarse,centre,fixed,0.6,review,foreground_or_nonuniformity_on_border;outline_near_image_edge,0.021403220221606647,0.0,0.0625,0.30886426592797783,32,46208,1.0
IGI-LG756520111,wide,coarse,centre,fixed,0.65,review,foreground_or_nonuniformity_on_border;outline_near_image_edge,0.028176939058171747,0.0,0.0625,0.3926592797783934,32,46208,1.0
IGI-LG756520111,wide,coarse,centre,fixed,0.7,review,foreground_or_nonuniformity_on_border;outline_near_image_edge,0.036054362880886426,0.0,0.09375,0.4868421052631579,32,46208,1.0
IGI-LG756520111,wide,coarse,centre,pair_local,0.6,review,foreground_or_nonuniformity_on_border;outline_near_image_edge,0.021403220221606647,0.0,0.0625,0.30886426592797783,32,46208,1.0
IGI-LG756520111,wide,coarse,centre,pair_local,0.65,review,foreground_or_nonuniformity_on_border;outline_near_image_edge,0.028176939058171747,0.0,0.0625,0.3926592797783934,32,46208,1.0
IGI-LG756520111,wide,coarse,centre,pair_local,0.7,review,foreground_or_nonuniformity_on_border;outline_near_image_edge,0.036054362880886426,0.0,0.09375,0.4868421052631579,32,46208,1.0
IGI-LG756520111,wide,coarse,inner,fixed,0.6,review,foreground_or_nonuniformity_on_border;outline_near_image_edge,0.03814369119623656,0.0,0.125,0.4388440860215054,32,190464,1.0
IGI-LG756520111,wide,coarse,inner,fixed,0.65,review,foreground_or_nonuniformity_on_border;outline_near_image_edge,0.047200520833333336,0.0,0.125,0.49126344086021506,32,190464,1.0
IGI-LG756520111,wide,coarse,inner,fixed,0.7,review,foreground_or_nonuniformity_on_border;outline_near_image_edge,0.05591607862903226,0.0625,0.125,0.5441868279569892,32,190464,1.0
IGI-LG756520111,wide,coarse,inner,pair_local,0.6,review,foreground_or_nonuniformity_on_border;outline_near_image_edge,0.03814369119623656,0.0,0.125,0.4388440860215054,32,190464,1.0
IGI-LG756520111,wide,coarse,inner,pair_local,0.65,review,foreground_or_nonuniformity_on_border;outline_near_image_edge,0.047200520833333336,0.0,0.125,0.49126344086021506,32,190464,1.0
IGI-LG756520111,wide,coarse,inner,pair_local,0.7,review,foreground_or_nonuniformity_on_border;outline_near_image_edge,0.05591607862903226,0.0625,0.125,0.5441868279569892,32,190464,1.0
IGI-LG756520111,wide,coarse,middle,fixed,0.6,review,foreground_or_nonuniformity_on_border;outline_near_image_edge,0.04580965909090909,0.0,0.125,0.49176136363636364,32,337920,1.0
IGI-LG756520111,wide,coarse,middle,fixed,0.65,review,foreground_or_nonuniformity_on_border;outline_near_image_edge,0.053648792613636365,0.0625,0.125,0.5649621212121212,32,337920,1.0
IGI-LG756520111,wide,coarse,middle,fixed,0.7,review,foreground_or_nonuniformity_on_border;outline_near_image_edge,0.06513671875,0.0625,0.15625,0.6392045454545454,32,337920,1.0
IGI-LG756520111,wide,coarse,middle,pair_local,0.6,review,foreground_or_nonuniformity_on_border;outline_near_image_edge,0.04580965909090909,0.0,0.125,0.49176136363636364,32,337920,1.0
IGI-LG756520111,wide,coarse,middle,pair_local,0.65,review,foreground_or_nonuniformity_on_border;outline_near_image_edge,0.053648792613636365,0.0625,0.125,0.5649621212121212,32,337920,1.0
IGI-LG756520111,wide,coarse,middle,pair_local,0.7,review,foreground_or_nonuniformity_on_border;outline_near_image_edge,0.06513671875,0.0625,0.15625,0.6392045454545454,32,337920,1.0
IGI-LG756520111,wide,coarse,outer,fixed,0.6,review,foreground_or_nonuniformity_on_border;outline_near_image_edge,0.048295254678486,0.03125,0.125,0.5194174757281553,32,454848,0.816474237463381
IGI-LG756520111,wide,coarse,outer,fixed,0.65,review,foreground_or_nonuniformity_on_border;outline_near_image_edge,0.05782371253693542,0.0625,0.125,0.5882932320247644,32,454848,0.816474237463381
IGI-LG756520111,wide,coarse,outer,fixed,0.7,review,foreground_or_nonuniformity_on_border;outline_near_image_edge,0.07012232657942873,0.0625,0.15625,0.667581257914732,32,454848,0.816474237463381
IGI-LG756520111,wide,coarse,outer,pair_local,0.6,review,foreground_or_nonuniformity_on_border;outline_near_image_edge,0.04711604492869594,0.0,0.125,0.47354450539727483,32,511121,0.816474237463381
IGI-LG756520111,wide,coarse,outer,pair_local,0.65,review,foreground_or_nonuniformity_on_border;outline_near_image_edge,0.05670672893502713,0.0625,0.15,0.540022414911815,32,511121,0.816474237463381
IGI-LG756520111,wide,coarse,outer,pair_local,0.7,review,foreground_or_nonuniformity_on_border;outline_near_image_edge,0.06860606392615447,0.0625,0.15625,0.6155252757624019,32,511121,0.816474237463381
IGI-LG756520111,wide,semantic,centre,fixed,0.6,review,foreground_or_nonuniformity_on_border;outline_near_image_edge,0.04466737561921172,0.0,0.125,0.45337066551798405,32,297152,0.9228781554362949
IGI-LG756520111,wide,semantic,centre,fixed,0.65,review,foreground_or_nonuniformity_on_border;outline_near_image_edge,0.052145030152918374,0.03125,0.125,0.5057075166917941,32,297152,0.9228781554362949
IGI-LG756520111,wide,semantic,centre,fixed,0.7,review,foreground_or_nonuniformity_on_border;outline_near_image_edge,0.0600534406633642,0.0625,0.15625,0.5580443678656042,32,297152,0.9228781554362949
IGI-LG756520111,wide,semantic,centre,pair_local,0.6,review,foreground_or_nonuniformity_on_border;outline_near_image_edge,0.04488652158214764,0.0,0.125,0.4514524472741743,32,312967,0.9228781554362949
IGI-LG756520111,wide,semantic,centre,pair_local,0.65,review,foreground_or_nonuniformity_on_border;outline_near_image_edge,0.05280109404505906,0.03125,0.15625,0.5066653402307998,32,312967,0.9228781554362949
IGI-LG756520111,wide,semantic,centre,pair_local,0.7,review,foreground_or_nonuniformity_on_border;outline_near_image_edge,0.06104157946364952,0.0625,0.15625,0.5604854755272582,32,312967,0.9228781554362949
IGI-LG756520111,wide,semantic,inner_step,fixed,0.6,review,foreground_or_nonuniformity_on_border;outline_near_image_edge,0.03729895399842537,0.0,0.125,0.4523675627038578,32,284512,0.7963278101209136
IGI-LG756520111,wide,semantic,inner_step,fixed,0.65,review,foreground_or_nonuniformity_on_border;outline_near_image_edge,0.0457520245191767,0.03125,0.125,0.5282870318299404,32,284512,0.7963278101209136
IGI-LG756520111,wide,semantic,inner_step,fixed,0.7,review,foreground_or_nonuniformity_on_border;outline_near_image_edge,0.05783938814531549,0.0625,0.125,0.6124170509503993,32,284512,0.7963278101209136
IGI-LG756520111,wide,semantic,inner_step,pair_local,0.6,review,foreground_or_nonuniformity_on_border;outline_near_image_edge,0.037730006255303074,0.0,0.125,0.43413527008624603,32,322926,0.7963278101209136
IGI-LG756520111,wide,semantic,inner_step,pair_local,0.65,review,foreground_or_nonuniformity_on_border;outline_near_image_edge,0.04716250781912884,0.03125,0.125,0.5134816159782115,32,322926,0.7963278101209136
IGI-LG756520111,wide,semantic,inner_step,pair_local,0.7,review,foreground_or_nonuniformity_on_border;outline_near_image_edge,0.05993323547809715,0.0625,0.15625,0.6007262823422606,32,322926,0.7963278101209136
IGI-LG756520111,wide,semantic,middle_step,fixed,0.6,review,foreground_or_nonuniformity_on_border;outline_near_image_edge,0.058049188832295796,0.0625,0.125,0.6044142614601019,32,169632,0.6020442930153322
IGI-LG756520111,wide,semantic,middle_step,fixed,0.65,review,foreground_or_nonuniformity_on_border;outline_near_image_edge,0.06653815317864555,0.0625,0.15625,0.6676098849273722,32,169632,0.6020442930153322
IGI-LG756520111,wide,semantic,middle_step,fixed,0.7,review,foreground_or_nonuniformity_on_border;outline_near_image_edge,0.07904758536125259,0.0625,0.15625,0.7481607243916242,32,169632,0.6020442930153322
IGI-LG756520111,wide,semantic,middle_step,pair_local,0.6,review,foreground_or_nonuniformity_on_border;outline_near_image_edge,0.05414048348502806,0.0,0.125,0.47888483707799084,32,223585,0.6020442930153322
IGI-LG756520111,wide,semantic,middle_step,pair_local,0.65,review,foreground_or_nonuniformity_on_border;outline_near_image_edge,0.06304537424245812,0.0625,0.15384615384615385,0.539113045524056,32,223585,0.6020442930153322
IGI-LG756520111,wide,semantic,middle_step,pair_local,0.7,review,foreground_or_nonuniformity_on_border;outline_near_image_edge,0.0747992933336315,0.0625,0.15625,0.6116927420303494,32,223585,0.6020442930153322
IGI-LG756520111,wide,semantic,outer_step,fixed,0.6,review,foreground_or_nonuniformity_on_border;outline_near_image_edge,0.041371543517679056,0.0,0.125,0.44220308250226653,32,141184,0.4589618225319879
IGI-LG756520111,wide,semantic,outer_step,fixed,0.65,review,foreground_or_nonuniformity_on_border;outline_near_image_edge,0.05019690616500453,0.03125,0.125,0.5151858567543064,32,141184,0.4589618225319879
IGI-LG756520111,wide,semantic,outer_step,fixed,0.7,review,foreground_or_nonuniformity_on_border;outline_near_image_edge,0.062294594288304625,0.0625,0.15625,0.5893019038984587,32,141184,0.4589618225319879
IGI-LG756520111,wide,semantic,outer_step,pair_local,0.6,review,foreground_or_nonuniformity_on_border;outline_near_image_edge,0.041835508481681244,0.0,0.12903225806451613,0.3543915464151801,32,214698,0.4589618225319879
IGI-LG756520111,wide,semantic,outer_step,pair_local,0.65,review,foreground_or_nonuniformity_on_border;outline_near_image_edge,0.050904060587429786,0.0,0.15625,0.41767980911260083,32,214698,0.4589618225319879
IGI-LG756520111,wide,semantic,outer_step,pair_local,0.7,review,foreground_or_nonuniformity_on_border;outline_near_image_edge,0.062389961713662914,0.0,0.1875,0.48823997273037156,32,214698,0.4589618225319879
IGI-LG818659722,core,coarse,centre,fixed,0.6,review,foreground_or_nonuniformity_on_border;outline_near_image_edge,0.06752077562326869,0.0,0.125,0.43836565096952906,16,23104,1.0
IGI-LG818659722,core,coarse,centre,fixed,0.65,review,foreground_or_nonuniformity_on_border;outline_near_image_edge,0.0972558864265928,0.125,0.25,0.5837950138504155,16,23104,1.0
IGI-LG818659722,core,coarse,centre,fixed,0.7,review,foreground_or_nonuniformity_on_border;outline_near_image_edge,0.11301073407202217,0.125,0.25,0.6668975069252078,16,23104,1.0
IGI-LG818659722,core,coarse,centre,pair_local,0.6,review,foreground_or_nonuniformity_on_border;outline_near_image_edge,0.06752077562326869,0.0,0.125,0.43836565096952906,16,23104,1.0
IGI-LG818659722,core,coarse,centre,pair_local,0.65,review,foreground_or_nonuniformity_on_border;outline_near_image_edge,0.0972558864265928,0.125,0.25,0.5837950138504155,16,23104,1.0
IGI-LG818659722,core,coarse,centre,pair_local,0.7,review,foreground_or_nonuniformity_on_border;outline_near_image_edge,0.11301073407202217,0.125,0.25,0.6668975069252078,16,23104,1.0
IGI-LG818659722,core,coarse,inner,fixed,0.6,review,foreground_or_nonuniformity_on_border;outline_near_image_edge,0.14147555443548387,0.125,0.375,0.6796034946236559,16,95232,1.0
IGI-LG818659722,core,coarse,inner,fixed,0.65,review,foreground_or_nonuniformity_on_border;outline_near_image_edge,0.16995337701612903,0.125,0.375,0.7815860215053764,16,95232,1.0
IGI-LG818659722,core,coarse,inner,fixed,0.7,review,foreground_or_nonuniformity_on_border;outline_near_image_edge,0.19643607190860216,0.125,0.375,0.8781922043010753,16,95232,1.0
IGI-LG818659722,core,coarse,inner,pair_local,0.6,review,foreground_or_nonuniformity_on_border;outline_near_image_edge,0.14147555443548387,0.125,0.375,0.6796034946236559,16,95232,1.0
IGI-LG818659722,core,coarse,inner,pair_local,0.65,review,foreground_or_nonuniformity_on_border;outline_near_image_edge,0.16995337701612903,0.125,0.375,0.7815860215053764,16,95232,1.0
IGI-LG818659722,core,coarse,inner,pair_local,0.7,review,foreground_or_nonuniformity_on_border;outline_near_image_edge,0.19643607190860216,0.125,0.375,0.8781922043010753,16,95232,1.0
IGI-LG818659722,core,coarse,middle,fixed,0.6,review,foreground_or_nonuniformity_on_border;outline_near_image_edge,0.09695785984848485,0.0,0.25,0.4949810606060606,16,168960,1.0
IGI-LG818659722,core,coarse,middle,fixed,0.65,review,foreground_or_nonuniformity_on_border;outline_near_image_edge,0.11105587121212121,0.125,0.25,0.5592803030303031,16,168960,1.0
IGI-LG818659722,core,coarse,middle,fixed,0.7,review,foreground_or_nonuniformity_on_border;outline_near_image_edge,0.12359138257575758,0.125,0.3125,0.6233901515151515,16,168960,1.0
IGI-LG818659722,core,coarse,middle,pair_local,0.6,review,foreground_or_nonuniformity_on_border;outline_near_image_edge,0.09695785984848485,0.0,0.25,0.4949810606060606,16,168960,1.0
IGI-LG818659722,core,coarse,middle,pair_local,0.65,review,foreground_or_nonuniformity_on_border;outline_near_image_edge,0.11105587121212121,0.125,0.25,0.5592803030303031,16,168960,1.0
IGI-LG818659722,core,coarse,middle,pair_local,0.7,review,foreground_or_nonuniformity_on_border;outline_near_image_edge,0.12359138257575758,0.125,0.3125,0.6233901515151515,16,168960,1.0
IGI-LG818659722,core,coarse,outer,fixed,0.6,review,foreground_or_nonuniformity_on_border;outline_near_image_edge,0.05784163864261694,0.0,0.1875,0.3555487618465301,16,261680,0.9448841643075856
IGI-LG818659722,core,coarse,outer,fixed,0.65,review,foreground_or_nonuniformity_on_border;outline_near_image_edge,0.06957734637725466,0.0,0.25,0.4107612350963008,16,261680,0.9448841643075856
IGI-LG818659722,core,coarse,outer,fixed,0.7,review,foreground_or_nonuniformity_on_border;outline_near_image_edge,0.08403393457658208,0.0,0.25,0.4800366860287374,16,261680,0.9448841643075856
IGI-LG818659722,core,coarse,outer,pair_local,0.6,review,foreground_or_nonuniformity_on_border;outline_near_image_edge,0.05769442618965314,0.0,0.1875,0.34905042567125083,16,263249,0.9448841643075856
IGI-LG818659722,core,coarse,outer,pair_local,0.65,review,foreground_or_nonuniformity_on_border;outline_near_image_edge,0.06939437566714403,0.0,0.25,0.40334583556587483,16,263249,0.9448841643075856
IGI-LG818659722,core,coarse,outer,pair_local,0.7,review,foreground_or_nonuniformity_on_border;outline_near_image_edge,0.0838597677484055,0.0,0.25,0.4720485801035899,16,263249,0.9448841643075856
IGI-LG818659722,core,semantic,centre,fixed,0.6,review,foreground_or_nonuniformity_on_border;outline_near_image_edge;semantic_window_edge,0.13837116769978222,0.125,0.375,0.6604958954598761,16,191008,0.9770030280710369
IGI-LG818659722,core,semantic,centre,fixed,0.65,review,foreground_or_nonuniformity_on_border;outline_near_image_edge;semantic_window_edge,0.16265287317808677,0.125,0.375,0.7456860445635785,16,191008,0.9770030280710369
IGI-LG818659722,core,semantic,centre,fixed,0.7,review,foreground_or_nonuniformity_on_border;outline_near_image_edge;semantic_window_edge,0.18178819735299045,0.125,0.375,0.8168034846707991,16,191008,0.9770030280710369
IGI-LG818659722,core,semantic,centre,pair_local,0.6,review,foreground_or_nonuniformity_on_border;outline_near_image_edge;semantic_window_edge,0.13817628424125722,0.125,0.375,0.6593207795411562,16,193188,0.9770030280710369
IGI-LG818659722,core,semantic,centre,pair_local,0.65,review,foreground_or_nonuniformity_on_border;outline_near_image_edge;semantic_window_edge,0.1622253970225894,0.125,0.375,0.7430310007400707,16,193188,0.9770030280710369
IGI-LG818659722,core,semantic,centre,pair_local,0.7,review,foreground_or_nonuniformity_on_border;outline_near_image_edge;semantic_window_edge,0.18131043336025013,0.125,0.375,0.8130087986185347,16,193188,0.9770030280710369
IGI-LG818659722,core,semantic,inner_step,fixed,0.6,review,foreground_or_nonuniformity_on_border;outline_near_image_edge;semantic_window_edge,0.04936722285067873,0.0,0.125,0.3273472850678733,16,113152,0.9092311648238621
IGI-LG818659722,core,semantic,inner_step,fixed,0.65,review,foreground_or_nonuniformity_on_border;outline_near_image_edge;semantic_window_edge,0.06315398755656108,0.0,0.1875,0.4001696832579186,16,113152,0.9092311648238621
IGI-LG818659722,core,semantic,inner_step,fixed,0.7,review,foreground_or_nonuniformity_on_border;outline_near_image_edge;semantic_window_edge,0.07868177319004525,0.0,0.25,0.47907239819004527,16,113152,0.9092311648238621
IGI-LG818659722,core,semantic,inner_step,pair_local,0.6,review,foreground_or_nonuniformity_on_border;outline_near_image_edge;semantic_window_edge,0.05036650283168081,0.0,0.125,0.3250851008117308,16,117598,0.9092311648238621
IGI-LG818659722,core,semantic,inner_step,pair_local,0.65,review,foreground_or_nonuniformity_on_border;outline_near_image_edge;semantic_window_edge,0.06373407711015494,0.0,0.1875,0.3946059177795234,16,117598,0.9092311648238621
IGI-LG818659722,core,semantic,inner_step,pair_local,0.7,review,foreground_or_nonuniformity_on_border;outline_near_image_edge;semantic_window_edge,0.07944012653276417,0.0,0.25,0.4731605132233569,16,117598,0.9092311648238621
IGI-LG818659722,core,semantic,middle_step,fixed,0.6,review,foreground_or_nonuniformity_on_border;outline_near_image_edge;semantic_window_edge,0.08595803060751275,0.0,0.25,0.49466687277786364,16,103504,0.8704251883745964
IGI-LG818659722,core,semantic,middle_step,fixed,0.65,review,foreground_or_nonuniformity_on_border;outline_near_image_edge;semantic_window_edge,0.09891405163085484,0.0625,0.25,0.5560364816818674,16,103504,0.8704251883745964
IGI-LG818659722,core,semantic,middle_step,fixed,0.7,review,foreground_or_nonuniformity_on_border;outline_near_image_edge;semantic_window_edge,0.11588924099551708,0.125,0.25,0.6354923481218118,16,103504,0.8704251883745964
IGI-LG818659722,core,semantic,middle_step,pair_local,0.6,review,foreground_or_nonuniformity_on_border;outline_near_image_edge;semantic_window_edge,0.08696127164472606,0.0,0.25,0.4770503101309442,16,109842,0.8704251883745964
IGI-LG818659722,core,semantic,middle_step,pair_local,0.65,review,foreground_or_nonuniformity_on_border;outline_near_image_edge;semantic_window_edge,0.09958849984523224,0.0625,0.25,0.5343900758097864,16,109842,0.8704251883745964
IGI-LG818659722,core,semantic,middle_step,pair_local,0.7,review,foreground_or_nonuniformity_on_border;outline_near_image_edge;semantic_window_edge,0.11579359443564392,0.125,0.25,0.6085458304617505,16,109842,0.8704251883745964
IGI-LG818659722,core,semantic,outer_step,fixed,0.6,review,foreground_or_nonuniformity_on_border;outline_near_image_edge;semantic_window_edge,0.03209837901950448,0.0,0.125,0.21889826041117555,16,121408,0.83568281938326
IGI-LG818659722,core,semantic,outer_step,fixed,0.65,review,foreground_or_nonuniformity_on_border;outline_near_image_edge;semantic_window_edge,0.041718832366895095,0.0,0.125,0.27227200843437005,16,121408,0.83568281938326
IGI-LG818659722,core,semantic,outer_step,fixed,0.7,review,foreground_or_nonuniformity_on_border;outline_near_image_edge;semantic_window_edge,0.05316783078545071,0.0,0.1875,0.34053769109119664,16,121408,0.83568281938326
IGI-LG818659722,core,semantic,outer_step,pair_local,0.6,review,foreground_or_nonuniformity_on_border;outline_near_image_edge;semantic_window_edge,0.033154504739749006,0.0,0.125,0.21282833020637898,16,126378,0.83568281938326
IGI-LG818659722,core,semantic,outer_step,pair_local,0.65,review,foreground_or_nonuniformity_on_border;outline_near_image_edge;semantic_window_edge,0.042815996455079205,0.0,0.125,0.26360225140712945,16,126378,0.83568281938326
IGI-LG818659722,core,semantic,outer_step,pair_local,0.7,review,foreground_or_nonuniformity_on_border;outline_near_image_edge;semantic_window_edge,0.05436072734178417,0.0,0.1875,0.32833020637898686,16,126378,0.83568281938326
IGI-LG818659722,wide,coarse,centre,fixed,0.6,review,foreground_or_nonuniformity_on_border;outline_near_image_edge,0.035708102493074795,0.0,0.125,0.435595567867036,32,46208,1.0
IGI-LG818659722,wide,coarse,centre,fixed,0.65,review,foreground_or_nonuniformity_on_border;outline_near_image_edge,0.0516577216066482,0.0625,0.125,0.5706371191135734,32,46208,1.0
IGI-LG818659722,wide,coarse,centre,fixed,0.7,review,foreground_or_nonuniformity_on_border;outline_near_image_edge,0.06866776315789473,0.0625,0.1875,0.6904432132963989,32,46208,1.0
IGI-LG818659722,wide,coarse,centre,pair_local,0.6,review,foreground_or_nonuniformity_on_border;outline_near_image_edge,0.035708102493074795,0.0,0.125,0.435595567867036,32,46208,1.0
IGI-LG818659722,wide,coarse,centre,pair_local,0.65,review,foreground_or_nonuniformity_on_border;outline_near_image_edge,0.0516577216066482,0.0625,0.125,0.5706371191135734,32,46208,1.0
IGI-LG818659722,wide,coarse,centre,pair_local,0.7,review,foreground_or_nonuniformity_on_border;outline_near_image_edge,0.06866776315789473,0.0625,0.1875,0.6904432132963989,32,46208,1.0
IGI-LG818659722,wide,coarse,inner,fixed,0.6,review,foreground_or_nonuniformity_on_border;outline_near_image_edge,0.07809349798387097,0.0625,0.1875,0.6801075268817204,32,190464,1.0
IGI-LG818659722,wide,coarse,inner,fixed,0.65,review,foreground_or_nonuniformity_on_border;outline_near_image_edge,0.09649592573924731,0.0625,0.1875,0.7780577956989247,32,190464,1.0
IGI-LG818659722,wide,coarse,inner,fixed,0.7,review,foreground_or_nonuniformity_on_border;outline_near_image_edge,0.11784904233870967,0.125,0.25,0.8773521505376344,32,190464,1.0
IGI-LG818659722,wide,coarse,inner,pair_local,0.6,review,foreground_or_nonuniformity_on_border;outline_near_image_edge,0.07809349798387097,0.0625,0.1875,0.6801075268817204,32,190464,1.0
IGI-LG818659722,wide,coarse,inner,pair_local,0.65,review,foreground_or_nonuniformity_on_border;outline_near_image_edge,0.09649592573924731,0.0625,0.1875,0.7780577956989247,32,190464,1.0
IGI-LG818659722,wide,coarse,inner,pair_local,0.7,review,foreground_or_nonuniformity_on_border;outline_near_image_edge,0.11784904233870967,0.125,0.25,0.8773521505376344,32,190464,1.0
IGI-LG818659722,wide,coarse,middle,fixed,0.6,review,foreground_or_nonuniformity_on_border;outline_near_image_edge,0.05694839015151515,0.0625,0.15937500000001137,0.5243371212121212,32,337920,1.0
IGI-LG818659722,wide,coarse,middle,fixed,0.65,review,foreground_or_nonuniformity_on_border;outline_near_image_edge,0.07041015625,0.0625,0.1875,0.6160984848484848,32,337920,1.0
IGI-LG818659722,wide,coarse,middle,fixed,0.7,review,foreground_or_nonuniformity_on_border;outline_near_image_edge,0.0851473721590909,0.0625,0.1875,0.7099431818181818,32,337920,1.0
IGI-LG818659722,wide,coarse,middle,pair_local,0.6,review,foreground_or_nonuniformity_on_border;outline_near_image_edge,0.05694839015151515,0.0625,0.15937500000001137,0.5243371212121212,32,337920,1.0
IGI-LG818659722,wide,coarse,middle,pair_local,0.65,review,foreground_or_nonuniformity_on_border;outline_near_image_edge,0.07041015625,0.0625,0.1875,0.6160984848484848,32,337920,1.0
IGI-LG818659722,wide,coarse,middle,pair_local,0.7,review,foreground_or_nonuniformity_on_border;outline_near_image_edge,0.0851473721590909,0.0625,0.1875,0.7099431818181818,32,337920,1.0
IGI-LG818659722,wide,coarse,outer,fixed,0.6,review,foreground_or_nonuniformity_on_border;outline_near_image_edge,0.04545099361716128,0.0,0.125,0.47364611436467724,32,486304,0.8595588235294118
IGI-LG818659722,wide,coarse,outer,fixed,0.65,review,foreground_or_nonuniformity_on_border;outline_near_image_edge,0.0547065210238863,0.0625,0.125,0.555043758636573,32,486304,0.8595588235294118
IGI-LG818659722,wide,coarse,outer,fixed,0.7,review,foreground_or_nonuniformity_on_border;outline_near_image_edge,0.06872861420017108,0.0625,0.1875,0.6521023886293348,32,486304,0.8595588235294118
IGI-LG818659722,wide,coarse,outer,pair_local,0.6,review,foreground_or_nonuniformity_on_border;outline_near_image_edge,0.04446654891622952,0.0,0.125,0.4597694457382394,32,528802,0.8595588235294118
IGI-LG818659722,wide,coarse,outer,pair_local,0.65,review,foreground_or_nonuniformity_on_border;outline_near_image_edge,0.05352665080691828,0.038461538461538464,0.125,0.5375523986958547,32,528802,0.8595588235294118
IGI-LG818659722,wide,coarse,outer,pair_local,0.7,review,foreground_or_nonuniformity_on_border;outline_near_image_edge,0.06719339185555274,0.0625,0.1875,0.6310549604098742,32,528802,0.8595588235294118
IGI-LG818659722,wide,semantic,centre,fixed,0.6,review,foreground_or_nonuniformity_on_border;outline_near_image_edge,0.07384708016175072,0.0625,0.1875,0.6493815413891532,32,269056,0.9332889332889333
IGI-LG818659722,wide,semantic,centre,fixed,0.65,review,foreground_or_nonuniformity_on_border;outline_near_image_edge,0.09237853829686013,0.0625,0.1875,0.7534490960989534,32,269056,0.9332889332889333
IGI-LG818659722,wide,semantic,centre,fixed,0.7,review,foreground_or_nonuniformity_on_border;outline_near_image_edge,0.11297276403425309,0.125,0.21875,0.8533539486203615,32,269056,0.9332889332889333
IGI-LG818659722,wide,semantic,centre,pair_local,0.6,review,foreground_or_nonuniformity_on_border;outline_near_image_edge,0.07303654135765635,0.0625,0.1875,0.6348994779517938,32,281544,0.9332889332889333
IGI-LG818659722,wide,semantic,centre,pair_local,0.65,review,foreground_or_nonuniformity_on_border;outline_near_image_edge,0.09136049782627227,0.0625,0.1875,0.7363101188492724,32,281544,0.9332889332889333
IGI-LG818659722,wide,semantic,centre,pair_local,0.7,review,foreground_or_nonuniformity_on_border;outline_near_image_edge,0.11153141249680334,0.125,0.1935483870967742,0.8338331667222038,32,281544,0.9332889332889333
IGI-LG818659722,wide,semantic,inner_step,fixed,0.6,review,foreground_or_nonuniformity_on_border;outline_near_image_edge,0.048182206460965,0.0,0.125,0.46583143507972663,32,309056,0.8379316328301232
IGI-LG818659722,wide,semantic,inner_step,fixed,0.65,review,foreground_or_nonuniformity_on_border;outline_near_image_edge,0.060833635328225305,0.0625,0.1875,0.5593290536342929,32,309056,0.8379316328301232
IGI-LG818659722,wide,semantic,inner_step,fixed,0.7,review,foreground_or_nonuniformity_on_border;outline_near_image_edge,0.07626449575481466,0.0625,0.1875,0.6594533029612756,32,309056,0.8379316328301232
IGI-LG818659722,wide,semantic,inner_step,pair_local,0.6,review,foreground_or_nonuniformity_on_border;outline_near_image_edge,0.04817669079403733,0.0,0.125,0.45109832635983266,32,341659,0.8379316328301232
IGI-LG818659722,wide,semantic,inner_step,pair_local,0.65,review,foreground_or_nonuniformity_on_border;outline_near_image_edge,0.062000415619082185,0.0625,0.1875,0.547768479776848,32,341659,0.8379316328301232
IGI-LG818659722,wide,semantic,inner_step,pair_local,0.7,review,foreground_or_nonuniformity_on_border;outline_near_image_edge,0.07805443439218636,0.0625,0.1875,0.6462691771269177,32,341659,0.8379316328301232
IGI-LG818659722,wide,semantic,middle_step,fixed,0.6,review,foreground_or_nonuniformity_on_border;outline_near_image_edge,0.06221100835852748,0.0625,0.125,0.5845634003201138,32,179936,0.656892523364486
IGI-LG818659722,wide,semantic,middle_step,fixed,0.65,review,foreground_or_nonuniformity_on_border;outline_near_image_edge,0.06877445313889383,0.0625,0.15625,0.6484083229592744,32,179936,0.656892523364486
IGI-LG818659722,wide,semantic,middle_step,fixed,0.7,review,foreground_or_nonuniformity_on_border;outline_near_image_edge,0.08111773074871065,0.0625,0.1875,0.7451538324737684,32,179936,0.656892523364486
IGI-LG818659722,wide,semantic,middle_step,pair_local,0.6,review,foreground_or_nonuniformity_on_border;outline_near_image_edge,0.06479651961262084,0.0625,0.16,0.5146353166986565,32,225722,0.656892523364486
IGI-LG818659722,wide,semantic,middle_step,pair_local,0.65,review,foreground_or_nonuniformity_on_border;outline_near_image_edge,0.07083935106015364,0.0625,0.1875,0.5684980806142035,32,225722,0.656892523364486
IGI-LG818659722,wide,semantic,middle_step,pair_local,0.7,review,foreground_or_nonuniformity_on_border;outline_near_image_edge,0.08158708499836081,0.0625,0.1875,0.6498320537428023,32,225722,0.656892523364486
IGI-LG818659722,wide,semantic,outer_step,fixed,0.6,review,foreground_or_nonuniformity_on_border;outline_near_image_edge,0.028281091798852513,0.0,0.09375,0.3673641579480256,32,189632,0.5879551542811787
IGI-LG818659722,wide,semantic,outer_step,fixed,0.65,review,foreground_or_nonuniformity_on_border;outline_near_image_edge,0.037941908538643265,0.0,0.125,0.4596692541343233,32,189632,0.5879551542811787
IGI-LG818659722,wide,semantic,outer_step,fixed,0.7,review,foreground_or_nonuniformity_on_border;outline_near_image_edge,0.053139765440431995,0.03125,0.125,0.558893013837327,32,189632,0.5879551542811787
IGI-LG818659722,wide,semantic,outer_step,pair_local,0.6,review,foreground_or_nonuniformity_on_border;outline_near_image_edge,0.029509745628110415,0.0,0.09375,0.33133304757822546,32,245546,0.5879551542811787
IGI-LG818659722,wide,semantic,outer_step,pair_local,0.65,review,foreground_or_nonuniformity_on_border;outline_near_image_edge,0.03870557858812605,0.0,0.125,0.4038791255893699,32,245546,0.5879551542811787
IGI-LG818659722,wide,semantic,outer_step,pair_local,0.7,review,foreground_or_nonuniformity_on_border;outline_near_image_edge,0.05253190848150652,0.0,0.125,0.48531933133304755,32,245546,0.5879551542811787
IGI-LG836619414,core,coarse,centre,fixed,0.6,ok,,0.04899584487534626,0.0,0.125,0.3518005540166205,16,23104,1.0
IGI-LG836619414,core,coarse,centre,fixed,0.65,ok,,0.06717451523545706,0.0,0.1875,0.4390581717451524,16,23104,1.0
IGI-LG836619414,core,coarse,centre,fixed,0.7,ok,,0.09387984764542937,0.0625,0.25,0.5477839335180056,16,23104,1.0
IGI-LG836619414,core,coarse,centre,pair_local,0.6,ok,,0.04899584487534626,0.0,0.125,0.3518005540166205,16,23104,1.0
IGI-LG836619414,core,coarse,centre,pair_local,0.65,ok,,0.06717451523545706,0.0,0.1875,0.4390581717451524,16,23104,1.0
IGI-LG836619414,core,coarse,centre,pair_local,0.7,ok,,0.09387984764542937,0.0625,0.25,0.5477839335180056,16,23104,1.0
IGI-LG836619414,core,coarse,inner,fixed,0.6,ok,,0.09735173051075269,0.0,0.25,0.4904233870967742,16,95232,1.0
IGI-LG836619414,core,coarse,inner,fixed,0.65,ok,,0.10970052083333333,0.0625,0.3125,0.5473790322580645,16,95232,1.0
IGI-LG836619414,core,coarse,inner,fixed,0.7,ok,,0.12511550739247312,0.125,0.3125,0.6080309139784946,16,95232,1.0
IGI-LG836619414,core,coarse,inner,pair_local,0.6,ok,,0.09735173051075269,0.0,0.25,0.4904233870967742,16,95232,1.0
IGI-LG836619414,core,coarse,inner,pair_local,0.65,ok,,0.10970052083333333,0.0625,0.3125,0.5473790322580645,16,95232,1.0
IGI-LG836619414,core,coarse,inner,pair_local,0.7,ok,,0.12511550739247312,0.125,0.3125,0.6080309139784946,16,95232,1.0
IGI-LG836619414,core,coarse,middle,fixed,0.6,ok,,0.13503291031347667,0.125,0.375,0.5831991665877451,16,168944,0.999905303030303
IGI-LG836619414,core,coarse,middle,fixed,0.65,ok,,0.15135192726583957,0.125,0.375,0.626574486220286,16,168944,0.999905303030303
IGI-LG836619414,core,coarse,middle,fixed,0.7,ok,,0.15851406383180225,0.125,0.375,0.6667298039587082,16,168944,0.999905303030303
IGI-LG836619414,core,coarse,middle,pair_local,0.6,ok,,0.1350327594268432,0.125,0.375,0.5832386363636364,16,168959,0.999905303030303
IGI-LG836619414,core,coarse,middle,pair_local,0.65,ok,,0.15135032759426842,0.125,0.375,0.6266098484848485,16,168959,0.999905303030303
IGI-LG836619414,core,coarse,middle,pair_local,0.7,ok,,0.1585118283133778,0.125,0.375,0.6667613636363636,16,168959,0.999905303030303
IGI-LG836619414,core,coarse,outer,fixed,0.6,ok,,0.12670479542454904,0.125,0.375,0.5176712127877988,16,109104,0.4266408058562222
IGI-LG836619414,core,coarse,outer,fixed,0.65,ok,,0.14191963631030943,0.125,0.375,0.5978882534095908,16,109104,0.4266408058562222
IGI-LG836619414,core,coarse,outer,fixed,0.7,ok,,0.15897675612259862,0.125,0.375,0.6910104120838833,16,109104,0.4266408058562222
IGI-LG836619414,core,coarse,outer,pair_local,0.6,ok,,0.09651670745374288,0.0,0.26666666666666666,0.32075983717774764,16,174892,0.4266408058562222
IGI-LG836619414,core,coarse,outer,pair_local,0.65,ok,,0.10882716190563319,0.0,0.2857142857142857,0.3703527815468114,16,174892,0.4266408058562222
IGI-LG836619414,core,coarse,outer,pair_local,0.7,ok,,0.12433959243418796,0.0,0.3125,0.4361601085481682,16,174892,0.4266408058562222
IGI-LG836619414,core,semantic,centre,fixed,0.6,ok,,0.0743656015037594,0.0,0.25,0.41604010025062654,16,102144,0.7427574171029668
IGI-LG836619414,core,semantic,centre,fixed,0.65,ok,,0.08869830827067669,0.0,0.25,0.48151629072681706,16,102144,0.7427574171029668
IGI-LG836619414,core,semantic,centre,fixed,0.7,ok,,0.10654566102756892,0.0625,0.25,0.5520050125313283,16,102144,0.7427574171029668
IGI-LG836619414,core,semantic,centre,pair_local,0.6,ok,,0.08220733030076263,0.0,0.25,0.4119257319685789,16,118931,0.7427574171029668
IGI-LG836619414,core,semantic,centre,pair_local,0.65,ok,,0.09840159420167996,0.0,0.3076923076923077,0.47702927874315637,16,118931,0.7427574171029668
IGI-LG836619414,core,semantic,centre,pair_local,0.7,ok,,0.11695016438102765,0.06904761904761905,0.3333333333333333,0.5440371340157105,16,118931,0.7427574171029668
IGI-LG836619414,core,semantic,inner_step,fixed,0.6,ok,,0.11881710122699386,0.0625,0.3125,0.5628834355828221,16,83456,0.42768120695309936
IGI-LG836619414,core,semantic,inner_step,fixed,0.65,ok,,0.1343702070552147,0.125,0.375,0.6096625766871165,16,83456,0.42768120695309936
IGI-LG836619414,core,semantic,inner_step,fixed,0.7,ok,,0.1416075536809816,0.125,0.375,0.6447469325153374,16,83456,0.42768120695309936
IGI-LG836619414,core,semantic,inner_step,pair_local,0.6,ok,,0.1209459356238256,0.0,0.375,0.4580981328701693,16,130918,0.42768120695309936
IGI-LG836619414,core,semantic,inner_step,pair_local,0.65,ok,,0.13636016437770207,0.0625,0.375,0.508727746417716,16,130918,0.42768120695309936
IGI-LG836619414,core,semantic,inner_step,pair_local,0.7,ok,,0.14219587833605768,0.0625,0.375,0.5326964828484585,16,130918,0.42768120695309936
IGI-LG836619414,core,semantic,middle_step,fixed,0.6,ok,,0.1855353634577603,0.125,0.4375,0.6895874263261297,16,16288,0.08429943689963564
IGI-LG836619414,core,semantic,middle_step,fixed,0.65,ok,,0.193700884086444,0.1875,0.4375,0.743614931237721,16,16288,0.08429943689963564
IGI-LG836619414,core,semantic,middle_step,fixed,0.7,ok,,0.20352406679764243,0.1875,0.375,0.8683693516699411,16,16288,0.08429943689963564
IGI-LG836619414,core,semantic,middle_step,pair_local,0.6,ok,,0.1543651027256137,0.0,0.4444444444444444,0.42282123668154087,16,84935,0.08429943689963564
IGI-LG836619414,core,semantic,middle_step,pair_local,0.65,ok,,0.1673044092541355,0.0,0.46153846153846156,0.4641653765595119,16,84935,0.08429943689963564
IGI-LG836619414,core,semantic,middle_step,pair_local,0.7,ok,,0.1837169600282569,0.08333333333333333,0.5,0.5204444039704945,16,84935,0.08429943689963564
IGI-LG836619414,core,semantic,outer_step,fixed,0.6,ok,,0.009335154826958106,0.0,0.0,0.06739526411657559,16,8784,0.037202683472250454
IGI-LG836619414,core,semantic,outer_step,fixed,0.65,ok,,0.019353369763205827,0.0,0.125,0.13114754098360656,16,8784,0.037202683472250454
IGI-LG836619414,core,semantic,outer_step,fixed,0.7,ok,,0.030396174863387977,0.0,0.125,0.20036429872495445,16,8784,0.037202683472250454
IGI-LG836619414,core,semantic,outer_step,pair_local,0.6,ok,,0.03004090471607315,0.0,0.125,0.11146596042997352,16,83120,0.037202683472250454
IGI-LG836619414,core,semantic,outer_step,pair_local,0.65,ok,,0.038053416746871994,0.0,0.15384615384615385,0.1361582801059355,16,83120,0.037202683472250454
IGI-LG836619414,core,semantic,outer_step,pair_local,0.7,ok,,0.05234600577478345,0.0,0.2,0.1811808692942826,16,83120,0.037202683472250454
IGI-LG836619414,wide,coarse,centre,fixed,0.6,ok,,0.035318559556786706,0.0,0.125,0.42382271468144045,32,46208,1.0
IGI-LG836619414,wide,coarse,centre,fixed,0.65,ok,,0.04473251385041551,0.0625,0.125,0.5069252077562327,32,46208,1.0
IGI-LG836619414,wide,coarse,centre,fixed,0.7,ok,,0.06020602493074792,0.0625,0.125,0.6177285318559557,32,46208,1.0
IGI-LG836619414,wide,coarse,centre,pair_local,0.6,ok,,0.035318559556786706,0.0,0.125,0.42382271468144045,32,46208,1.0
IGI-LG836619414,wide,coarse,centre,pair_local,0.65,ok,,0.04473251385041551,0.0625,0.125,0.5069252077562327,32,46208,1.0
IGI-LG836619414,wide,coarse,centre,pair_local,0.7,ok,,0.06020602493074792,0.0625,0.125,0.6177285318559557,32,46208,1.0
IGI-LG836619414,wide,coarse,inner,fixed,0.6,ok,,0.06700478830645161,0.0625,0.1875,0.5404905913978495,32,190464,1.0
IGI-LG836619414,wide,coarse,inner,fixed,0.65,ok,,0.07424500168010753,0.0625,0.1875,0.5919018817204301,32,190464,1.0
IGI-LG836619414,wide,coarse,inner,fixed,0.7,ok,,0.08380061323924731,0.0625,0.1875,0.6555779569892473,32,190464,1.0
IGI-LG836619414,wide,coarse,inner,pair_local,0.6,ok,,0.06700478830645161,0.0625,0.1875,0.5404905913978495,32,190464,1.0
IGI-LG836619414,wide,coarse,inner,pair_local,0.65,ok,,0.07424500168010753,0.0625,0.1875,0.5919018817204301,32,190464,1.0
IGI-LG836619414,wide,coarse,inner,pair_local,0.7,ok,,0.08380061323924731,0.0625,0.1875,0.6555779569892473,32,190464,1.0
IGI-LG836619414,wide,coarse,middle,fixed,0.6,ok,,0.09277924861321231,0.0625,0.25,0.6564800806858295,32,317280,0.9389204545454546
IGI-LG836619414,wide,coarse,middle,fixed,0.65,ok,,0.10630673222390317,0.0625,0.25,0.7104387291981845,32,317280,0.9389204545454546
IGI-LG836619414,wide,coarse,middle,fixed,0.7,ok,,0.11686522945032779,0.125,0.25,0.7634896621280888,32,317280,0.9389204545454546
IGI-LG836619414,wide,coarse,middle,pair_local,0.6,ok,,0.09376461999195435,0.0625,0.25,0.6611742424242424,32,335585,0.9389204545454546
IGI-LG836619414,wide,coarse,middle,pair_local,0.65,ok,,0.10746904659028264,0.0625,0.25,0.715719696969697,32,335585,0.9389204545454546
IGI-LG836619414,wide,coarse,middle,pair_local,0.7,ok,,0.11903094596003994,0.125,0.25,0.7706439393939394,32,335585,0.9389204545454546
IGI-LG836619414,wide,coarse,outer,fixed,0.6,ok,,0.11229460093896713,0.09375,0.25,0.7233176838810642,32,102240,0.19884241971620611
IGI-LG836619414,wide,coarse,outer,fixed,0.65,ok,,0.12934272300469485,0.125,0.25,0.8065727699530516,32,102240,0.19884241971620611
IGI-LG836619414,wide,coarse,outer,fixed,0.7,ok,,0.1556631455399061,0.125,0.25,0.9223787167449139,32,102240,0.19884241971620611
IGI-LG836619414,wide,coarse,outer,pair_local,0.6,ok,,0.07034169592869935,0.0,0.1875,0.3423496712087316,32,283644,0.19884241971620611
IGI-LG836619414,wide,coarse,outer,pair_local,0.65,ok,,0.0832205158579064,0.0,0.2,0.40390482001220257,32,283644,0.19884241971620611
IGI-LG836619414,wide,coarse,outer,pair_local,0.7,ok,,0.1023148735739166,0.0,0.25,0.48484848484848486,32,283644,0.19884241971620611
IGI-LG836619414,wide,semantic,centre,fixed,0.6,ok,,0.04825048262548263,0.0,0.125,0.45907335907335906,32,165760,0.6114980521780191
IGI-LG836619414,wide,semantic,centre,fixed,0.65,ok,,0.054784025096525094,0.03125,0.15625,0.5133204633204633,32,165760,0.6114980521780191
IGI-LG836619414,wide,semantic,centre,fixed,0.7,ok,,0.06469594594594595,0.0625,0.1875,0.584942084942085,32,165760,0.6114980521780191
IGI-LG836619414,wide,semantic,centre,pair_local,0.6,ok,,0.058605293142258985,0.0,0.1875,0.4551406401551891,32,215902,0.6114980521780191
IGI-LG836619414,wide,semantic,centre,pair_local,0.65,ok,,0.06650702633602283,0.03125,0.2,0.5120029097963142,32,215902,0.6114980521780191
IGI-LG836619414,wide,semantic,centre,pair_local,0.7,ok,,0.07782234532334115,0.0625,0.23076923076923078,0.5795344325897187,32,215902,0.6114980521780191
IGI-LG836619414,wide,semantic,inner_step,fixed,0.6,ok,,0.0868870578778135,0.0625,0.21875,0.6514469453376206,32,99520,0.22709017889740782
IGI-LG836619414,wide,semantic,inner_step,fixed,0.65,ok,,0.10116559485530546,0.0625,0.25,0.7170418006430869,32,99520,0.22709017889740782
IGI-LG836619414,wide,semantic,inner_step,fixed,0.7,ok,,0.10747588424437299,0.09375,0.25,0.7527331189710611,32,99520,0.22709017889740782
IGI-LG836619414,wide,semantic,inner_step,pair_local,0.6,ok,,0.08361190906347607,0.0,0.25,0.4868269452338889,32,255167,0.22709017889740782
IGI-LG836619414,wide,semantic,inner_step,pair_local,0.65,ok,,0.09677975600293141,0.0625,0.2727272727272727,0.537138029034488,32,255167,0.22709017889740782
IGI-LG836619414,wide,semantic,inner_step,pair_local,0.7,ok,,0.10412396587333002,0.06666666666666667,0.2857142857142857,0.5762347338505261,32,255167,0.22709017889740782
IGI-LG836619414,wide,semantic,middle_step,fixed,0.6,ok,,0.11579241071428571,0.125,0.24687500000000018,0.6875,32,3584,0.007617493028633612
IGI-LG836619414,wide,semantic,middle_step,fixed,0.65,ok,,0.13950892857142858,0.15625,0.25,0.7410714285714286,32,3584,0.007617493028633612
IGI-LG836619414,wide,semantic,middle_step,fixed,0.7,ok,,0.142578125,0.15625,0.25,0.8303571428571429,32,3584,0.007617493028633612
IGI-LG836619414,wide,semantic,middle_step,pair_local,0.6,ok,,0.1023156258481581,0.0,0.3333333333333333,0.4270349907918969,32,162116,0.007617493028633612
IGI-LG836619414,wide,semantic,middle_step,pair_local,0.65,ok,,0.11988946186681142,0.0,0.3333333333333333,0.48839779005524864,32,162116,0.007617493028633612
IGI-LG836619414,wide,semantic,middle_step,pair_local,0.7,ok,,0.14453847862024724,0.1,0.34782608695652173,0.5766482504604051,32,162116,0.007617493028633612
IGI-LG836619414,wide,semantic,outer_step,fixed,0.6,ok,,0.0,0.0,0.0,0.0,32,992,0.001725673569360944
IGI-LG836619414,wide,semantic,outer_step,fixed,0.65,ok,,0.0010080645161290322,0.0,0.0,0.03225806451612903,32,992,0.001725673569360944
IGI-LG836619414,wide,semantic,outer_step,fixed,0.7,ok,,0.009072580645161291,0.0,0.03125,0.1935483870967742,32,992,0.001725673569360944
IGI-LG836619414,wide,semantic,outer_step,pair_local,0.6,ok,,0.029630959266572263,0.0,0.125,0.13390793829242395,32,150417,0.001725673569360944
IGI-LG836619414,wide,semantic,outer_step,pair_local,0.65,ok,,0.03620601394789153,0.0,0.16666666666666666,0.16463681219161827,32,150417,0.001725673569360944
IGI-LG836619414,wide,semantic,outer_step,pair_local,0.7,ok,,0.049901274457009516,0.0,0.2,0.23465117731559554,32,150417,0.001725673569360944
