certificate,window,surface_id,representation,radial_band,support_mode,pair_id,status,reasons,paired_frames,correlation,median_absolute_difference,median_signed_difference,sign_agreement,directional_pairs,flat_pairs,worse_persistent_support_fraction
IGI-LG756580087,core,coarse_whole,coarse,,fixed,side_E_W,ok,,17,-0.2952601354931592,0.027397000636226576,-0.006590045923050347,0.5,16,0,0.7708612825328682
IGI-LG756580087,core,coarse_whole,coarse,,fixed,side_N_S,ok,,17,-0.10766777351028008,0.09025981942081648,0.09025981942081648,0.625,16,0,0.8360874200426439
IGI-LG756580087,core,coarse_whole,coarse,,fixed,corner_NE_SW,ok,,17,-0.3147184781173796,0.02328291222026055,0.002215116878102441,0.4375,16,0,0.7227905073649754
IGI-LG756580087,core,coarse_whole,coarse,,fixed,corner_NW_SE,ok,,17,-0.7261448324284232,0.024710159083924016,0.007638435889556483,0.5,16,0,0.7559818481848185
IGI-LG756580087,core,coarse_whole,coarse,,dynamic,side_E_W,ok,,17,-0.21743021756394967,0.027691692581674865,-0.013808771290174104,0.5,16,0,0.7708612825328682
IGI-LG756580087,core,coarse_whole,coarse,,dynamic,side_N_S,ok,,17,-0.03745313202581985,0.09790824277359383,0.09790824277359383,0.625,16,0,0.8360874200426439
IGI-LG756580087,core,coarse_whole,coarse,,dynamic,corner_NE_SW,ok,,17,-0.2576975173602146,0.024843325272916855,0.009024434362475187,0.4375,16,0,0.7227905073649754
IGI-LG756580087,core,coarse_whole,coarse,,dynamic,corner_NW_SE,ok,,17,-0.48219682211604803,0.019167102704299027,0.00536756116187298,0.4375,16,0,0.7559818481848185
IGI-LG756580087,core,coarse_inner,coarse,inner,fixed,side_E_W,ok,,17,0.20329373091667163,0.03657580297527535,0.003520474239632365,0.5,16,0,1.0
IGI-LG756580087,core,coarse_inner,coarse,inner,fixed,side_N_S,ok,,17,0.13070812238809187,0.12845402846324655,0.12845402846324655,0.3125,16,0,1.0
IGI-LG756580087,core,coarse_inner,coarse,inner,fixed,corner_NE_SW,ok,,17,-0.25366108342800986,0.048623723316508494,0.008940051054592113,0.3125,16,0,1.0
IGI-LG756580087,core,coarse_inner,coarse,inner,fixed,corner_NW_SE,ok,,17,-0.19095146878565206,0.03187792725131389,0.0005598475478235665,0.25,16,0,1.0
IGI-LG756580087,core,coarse_inner,coarse,inner,dynamic,side_E_W,ok,,17,0.20329373091667163,0.03657580297527535,0.003520474239632365,0.5,16,0,1.0
IGI-LG756580087,core,coarse_inner,coarse,inner,dynamic,side_N_S,ok,,17,0.13070812238809187,0.12845402846324655,0.12845402846324655,0.3125,16,0,1.0
IGI-LG756580087,core,coarse_inner,coarse,inner,dynamic,corner_NE_SW,ok,,17,-0.25366108342800986,0.048623723316508494,0.008940051054592113,0.3125,16,0,1.0
IGI-LG756580087,core,coarse_inner,coarse,inner,dynamic,corner_NW_SE,ok,,17,-0.19095146878565206,0.03187792725131389,0.0005598475478235665,0.25,16,0,1.0
IGI-LG756580087,core,coarse_middle,coarse,middle,fixed,side_E_W,ok,,17,0.7593418183885483,0.04013020001299217,0.011287657141862084,0.5,16,0,1.0
IGI-LG756580087,core,coarse_middle,coarse,middle,fixed,side_N_S,ok,,17,0.19382989777584683,0.22619917034223141,0.22619917034223141,0.25,16,0,1.0
IGI-LG756580087,core,coarse_middle,coarse,middle,fixed,corner_NE_SW,ok,,17,-0.6480054327853323,0.051879630871263904,-0.006541571084396125,0.5625,16,0,1.0
IGI-LG756580087,core,coarse_middle,coarse,middle,fixed,corner_NW_SE,ok,,17,-0.5945671831039095,0.03876030348427301,0.03308783972208873,0.5625,16,0,1.0
IGI-LG756580087,core,coarse_middle,coarse,middle,dynamic,side_E_W,ok,,17,0.7593418183885483,0.04013020001299217,0.011287657141862084,0.5,16,0,1.0
IGI-LG756580087,core,coarse_middle,coarse,middle,dynamic,side_N_S,ok,,17,0.19382989777584683,0.22619917034223141,0.22619917034223141,0.25,16,0,1.0
IGI-LG756580087,core,coarse_middle,coarse,middle,dynamic,corner_NE_SW,ok,,17,-0.6480054327853323,0.051879630871263904,-0.006541571084396125,0.5625,16,0,1.0
IGI-LG756580087,core,coarse_middle,coarse,middle,dynamic,corner_NW_SE,ok,,17,-0.5945671831039095,0.03876030348427301,0.03308783972208873,0.5625,16,0,1.0
IGI-LG756580087,core,semantic_inner_step,semantic,inner_step,fixed,side_E_W,ok,,17,0.8917477240132958,0.024592015439289128,-0.01589619761350325,0.625,16,0,0.5493046776232617
IGI-LG756580087,core,semantic_inner_step,semantic,inner_step,fixed,side_N_S,ok,,17,-0.5268657835941548,0.27897642121392796,0.27897642121392796,0.4375,16,0,0.6679712981082844
IGI-LG756580087,core,semantic_inner_step,semantic,inner_step,fixed,corner_NE_SW,ok,,17,-0.20334078689097188,0.064817442188175,0.023265290028613245,0.5,16,0,0.44878563885955647
IGI-LG756580087,core,semantic_inner_step,semantic,inner_step,fixed,corner_NW_SE,ok,,17,-0.3735045662967918,0.04952470453460514,0.04137882652490085,0.5,16,0,0.4907846234860453
IGI-LG756580087,core,semantic_inner_step,semantic,inner_step,dynamic,side_E_W,ok,,17,0.29479041535958167,0.09980257477263266,0.023081766120709973,0.3125,16,0,0.5493046776232617
IGI-LG756580087,core,semantic_inner_step,semantic,inner_step,dynamic,side_N_S,ok,,17,-0.5312637183025094,0.3347790428398553,0.3347790428398553,0.5625,16,0,0.6679712981082844
IGI-LG756580087,core,semantic_inner_step,semantic,inner_step,dynamic,corner_NE_SW,ok,,17,-0.42696538321234107,0.042134151000735975,0.014768717141906251,0.6875,16,0,0.44878563885955647
IGI-LG756580087,core,semantic_inner_step,semantic,inner_step,dynamic,corner_NW_SE,ok,,17,-0.6442744562252459,0.05287622612640927,0.04040438415675851,0.4375,16,0,0.4907846234860453
IGI-LG756580087,core,semantic_middle_step,semantic,middle_step,fixed,side_E_W,ok,,17,0.08516191563454652,0.18423211980328325,-0.18423211980328325,0.6875,16,0,0.02443280977312391
IGI-LG756580087,core,semantic_middle_step,semantic,middle_step,fixed,side_N_S,ok,,17,-0.7177484981146738,0.7048867551730962,-0.7048867551730962,0.1875,16,0,0.125531914893617
IGI-LG756580087,core,semantic_middle_step,semantic,middle_step,fixed,corner_NE_SW,ok,,17,-0.430094457485809,0.11167252931729019,0.09107964620876056,0.4375,16,0,0.029533372711163616
IGI-LG756580087,core,semantic_middle_step,semantic,middle_step,fixed,corner_NW_SE,ok,,17,0.09037934121162851,0.22278904689938422,0.035920660717699615,0.1875,16,0,0.051923076923076926
IGI-LG756580087,core,semantic_middle_step,semantic,middle_step,dynamic,side_E_W,ok,,17,0.6232830227120287,0.23131088588821058,-0.23131088588821058,0.5625,16,0,0.02443280977312391
IGI-LG756580087,core,semantic_middle_step,semantic,middle_step,dynamic,side_N_S,ok,,17,-0.5078800525482136,0.45244303075860426,-0.45244303075860426,0.25,16,0,0.125531914893617
IGI-LG756580087,core,semantic_middle_step,semantic,middle_step,dynamic,corner_NE_SW,ok,,17,0.206480610791893,0.02095839173509456,0.009287406299802486,0.625,16,0,0.029533372711163616
IGI-LG756580087,core,semantic_middle_step,semantic,middle_step,dynamic,corner_NW_SE,ok,,17,0.1998428765760017,0.013714233027224021,0.013321068216324505,0.6875,16,0,0.051923076923076926
IGI-LG756580087,wide,coarse_whole,coarse,,fixed,side_E_W,ok,,33,-0.4324827164347998,0.040423207028953356,-0.012707592353237096,0.375,32,0,0.7190348525469169
IGI-LG756580087,wide,coarse_whole,coarse,,fixed,side_N_S,ok,,33,-0.706904043764286,0.05951282458566179,0.05951282458566179,0.46875,32,0,0.7386842105263158
IGI-LG756580087,wide,coarse_whole,coarse,,fixed,corner_NE_SW,ok,,33,0.1905744333134445,0.032943160067835875,0.0021113816349977443,0.5625,32,0,0.6065064235391628
IGI-LG756580087,wide,coarse_whole,coarse,,fixed,corner_NW_SE,ok,,33,0.023993884111743368,0.03516001408973404,0.015738919697612652,0.46875,32,0,0.6035051546391753
IGI-LG756580087,wide,coarse_whole,coarse,,dynamic,side_E_W,ok,,33,-0.20213821503977047,0.027691692581674865,-0.015486612827036395,0.40625,32,0,0.7190348525469169
IGI-LG756580087,wide,coarse_whole,coarse,,dynamic,side_N_S,ok,,33,-0.4939463350553332,0.06875189975052706,0.06875189975052706,0.5625,32,0,0.7386842105263158
IGI-LG756580087,wide,coarse_whole,coarse,,dynamic,corner_NE_SW,ok,,33,0.031456232651816615,0.02951087387095913,0.00870552002760036,0.4375,32,0,0.6065064235391628
IGI-LG756580087,wide,coarse_whole,coarse,,dynamic,corner_NW_SE,ok,,33,0.1518612444432005,0.02564740180037617,0.009985140392411412,0.46875,32,0,0.6035051546391753
IGI-LG756580087,wide,coarse_inner,coarse,inner,fixed,side_E_W,ok,,33,0.10585058134042603,0.054152466679338984,0.002031894886534602,0.40625,32,0,1.0
IGI-LG756580087,wide,coarse_inner,coarse,inner,fixed,side_N_S,ok,,33,-0.281701778827653,0.09037319808440356,0.07474473486599123,0.5,32,0,1.0
IGI-LG756580087,wide,coarse_inner,coarse,inner,fixed,corner_NE_SW,ok,,33,0.38978931038167913,0.04510047389016433,0.015476012433442238,0.375,32,0,1.0
IGI-LG756580087,wide,coarse_inner,coarse,inner,fixed,corner_NW_SE,ok,,33,0.18560716452288709,0.03479671690896091,0.0068054274858418695,0.4375,32,0,1.0
IGI-LG756580087,wide,coarse_inner,coarse,inner,dynamic,side_E_W,ok,,33,0.10585058134042603,0.054152466679338984,0.002031894886534602,0.40625,32,0,1.0
IGI-LG756580087,wide,coarse_inner,coarse,inner,dynamic,side_N_S,ok,,33,-0.281701778827653,0.09037319808440356,0.07474473486599123,0.5,32,0,1.0
IGI-LG756580087,wide,coarse_inner,coarse,inner,dynamic,corner_NE_SW,ok,,33,0.38978931038167913,0.04510047389016433,0.015476012433442238,0.375,32,0,1.0
IGI-LG756580087,wide,coarse_inner,coarse,inner,dynamic,corner_NW_SE,ok,,33,0.18560716452288709,0.03479671690896091,0.0068054274858418695,0.4375,32,0,1.0
IGI-LG756580087,wide,coarse_middle,coarse,middle,fixed,side_E_W,ok,,33,0.09123071440656459,0.07723217899769252,-0.04013020001299217,0.46875,32,0,1.0
IGI-LG756580087,wide,coarse_middle,coarse,middle,fixed,side_N_S,ok,,33,0.13018762982742998,0.18355423114792618,0.18355423114792618,0.41935483870967744,31,1,1.0
IGI-LG756580087,wide,coarse_middle,coarse,middle,fixed,corner_NE_SW,ok,,33,-0.5376253858821607,0.05611780587526827,-0.00580738261235017,0.4375,32,0,0.9890038809831824
IGI-LG756580087,wide,coarse_middle,coarse,middle,fixed,corner_NW_SE,ok,,33,-0.1440491631132307,0.04233937285714939,0.036927728444288044,0.5,32,0,0.9857697283311773
IGI-LG756580087,wide,coarse_middle,coarse,middle,dynamic,side_E_W,ok,,33,0.09123071440656459,0.07723217899769252,-0.04013020001299217,0.46875,32,0,1.0
IGI-LG756580087,wide,coarse_middle,coarse,middle,dynamic,side_N_S,ok,,33,0.13018762982742998,0.18355423114792618,0.18355423114792618,0.41935483870967744,31,1,1.0
IGI-LG756580087,wide,coarse_middle,coarse,middle,dynamic,corner_NE_SW,ok,,33,-0.5464494062044838,0.054158476492176255,-0.006541571084396125,0.46875,32,0,0.9890038809831824
IGI-LG756580087,wide,coarse_middle,coarse,middle,dynamic,corner_NW_SE,ok,,33,-0.13186483551284872,0.040457601389221776,0.03484752857510093,0.5625,32,0,0.9857697283311773
IGI-LG756520111,core,coarse_whole,coarse,,fixed,side_E_W,review,foreground_or_nonuniformity_on_border;outline_near_image_edge,17,0.014666301957435974,0.02005869653437483,0.008337680772732281,0.375,16,0,0.961760083813515
IGI-LG756520111,core,coarse_whole,coarse,,fixed,side_N_S,review,foreground_or_nonuniformity_on_border;outline_near_image_edge,17,-0.9146084182603903,0.11864639360138558,0.11864639360138558,0.25,16,0,0.939183987682833
IGI-LG756520111,core,coarse_whole,coarse,,fixed,corner_NE_SW,review,foreground_or_nonuniformity_on_border;outline_near_image_edge,17,-0.7074131838565342,0.05309615327741268,0.05309615327741268,0.25,16,0,0.955940204563336
IGI-LG756520111,core,coarse_whole,coarse,,fixed,corner_NW_SE,review,foreground_or_nonuniformity_on_border;outline_near_image_edge,17,0.4781102364393397,0.06229815223994886,0.06229815223994886,0.625,16,0,0.9559936280366388
IGI-LG756520111,core,coarse_whole,coarse,,dynamic,side_E_W,review,foreground_or_nonuniformity_on_border;outline_near_image_edge,17,-0.014242643587878096,0.01861377401464758,0.0021779937700700247,0.375,16,0,0.961760083813515
IGI-LG756520111,core,coarse_whole,coarse,,dynamic,side_N_S,review,foreground_or_nonuniformity_on_border;outline_near_image_edge,17,-0.9169622493052924,0.11678738106787552,0.11678738106787552,0.3125,16,0,0.939183987682833
IGI-LG756520111,core,coarse_whole,coarse,,dynamic,corner_NE_SW,review,foreground_or_nonuniformity_on_border;outline_near_image_edge,17,-0.6904406886405015,0.05332522627036372,0.05332522627036372,0.3125,16,0,0.955940204563336
IGI-LG756520111,core,coarse_whole,coarse,,dynamic,corner_NW_SE,review,foreground_or_nonuniformity_on_border;outline_near_image_edge,17,0.5034724910001764,0.06090699487727402,0.06090699487727402,0.6875,16,0,0.9559936280366388
IGI-LG756520111,core,coarse_inner,coarse,inner,fixed,side_E_W,review,foreground_or_nonuniformity_on_border;outline_near_image_edge,17,0.057792391543012175,0.09550638418573913,-0.0035271984508192245,0.4375,16,0,1.0
IGI-LG756520111,core,coarse_inner,coarse,inner,fixed,side_N_S,review,foreground_or_nonuniformity_on_border;outline_near_image_edge,17,-0.7866781684342804,0.1495977353746778,0.1495977353746778,0.4375,16,0,1.0
IGI-LG756520111,core,coarse_inner,coarse,inner,fixed,corner_NE_SW,review,foreground_or_nonuniformity_on_border;outline_near_image_edge,17,0.6344668267442405,0.04898504641141424,0.03825236109473315,0.5,16,0,1.0
IGI-LG756520111,core,coarse_inner,coarse,inner,fixed,corner_NW_SE,review,foreground_or_nonuniformity_on_border;outline_near_image_edge,17,0.1330086085782426,0.025819737887454286,0.023926557613641403,0.25,16,0,1.0
IGI-LG756520111,core,coarse_inner,coarse,inner,dynamic,side_E_W,review,foreground_or_nonuniformity_on_border;outline_near_image_edge,17,0.057792391543012175,0.09550638418573913,-0.0035271984508192245,0.4375,16,0,1.0
IGI-LG756520111,core,coarse_inner,coarse,inner,dynamic,side_N_S,review,foreground_or_nonuniformity_on_border;outline_near_image_edge,17,-0.7866781684342804,0.1495977353746778,0.1495977353746778,0.4375,16,0,1.0
IGI-LG756520111,core,coarse_inner,coarse,inner,dynamic,corner_NE_SW,review,foreground_or_nonuniformity_on_border;outline_near_image_edge,17,0.6344668267442405,0.04898504641141424,0.03825236109473315,0.5,16,0,1.0
IGI-LG756520111,core,coarse_inner,coarse,inner,dynamic,corner_NW_SE,review,foreground_or_nonuniformity_on_border;outline_near_image_edge,17,0.1330086085782426,0.025819737887454286,0.023926557613641403,0.25,16,0,1.0
IGI-LG756520111,core,coarse_middle,coarse,middle,fixed,side_E_W,review,foreground_or_nonuniformity_on_border;outline_near_image_edge,17,-0.28052436217572335,0.03566917918772594,-0.0054203068474090454,0.5,16,0,1.0
IGI-LG756520111,core,coarse_middle,coarse,middle,fixed,side_N_S,review,foreground_or_nonuniformity_on_border;outline_near_image_edge,17,-0.860833346571596,0.20911097757237773,0.20911097757237773,0.1875,16,0,1.0
IGI-LG756520111,core,coarse_middle,coarse,middle,fixed,corner_NE_SW,review,foreground_or_nonuniformity_on_border;outline_near_image_edge,17,-0.8068093070068246,0.05057338759742651,0.04651656747466254,0.125,16,0,1.0
IGI-LG756520111,core,coarse_middle,coarse,middle,fixed,corner_NW_SE,review,foreground_or_nonuniformity_on_border;outline_near_image_edge,17,-0.37119229987242164,0.07575499081313142,0.07575499081313142,0.3125,16,0,1.0
IGI-LG756520111,core,coarse_middle,coarse,middle,dynamic,side_E_W,review,foreground_or_nonuniformity_on_border;outline_near_image_edge,17,-0.28052436217572335,0.03566917918772594,-0.0054203068474090454,0.5,16,0,1.0
IGI-LG756520111,core,coarse_middle,coarse,middle,dynamic,side_N_S,review,foreground_or_nonuniformity_on_border;outline_near_image_edge,17,-0.860833346571596,0.20911097757237773,0.20911097757237773,0.1875,16,0,1.0
IGI-LG756520111,core,coarse_middle,coarse,middle,dynamic,corner_NE_SW,review,foreground_or_nonuniformity_on_border;outline_near_image_edge,17,-0.8068093070068246,0.05057338759742651,0.04651656747466254,0.125,16,0,1.0
IGI-LG756520111,core,coarse_middle,coarse,middle,dynamic,corner_NW_SE,review,foreground_or_nonuniformity_on_border;outline_near_image_edge,17,-0.37119229987242164,0.07575499081313142,0.07575499081313142,0.3125,16,0,1.0
IGI-LG756520111,core,semantic_inner_step,semantic,inner_step,fixed,side_E_W,review,foreground_or_nonuniformity_on_border;outline_near_image_edge,17,0.08672135975721104,0.04159570210468493,0.0107836714335601,0.5,16,0,0.967400162999185
IGI-LG756520111,core,semantic_inner_step,semantic,inner_step,fixed,side_N_S,review,foreground_or_nonuniformity_on_border;outline_near_image_edge,17,-0.8713482309652855,0.12896574699600688,0.12896574699600688,0.375,16,0,0.8707256046705588
IGI-LG756520111,core,semantic_inner_step,semantic,inner_step,fixed,corner_NE_SW,review,foreground_or_nonuniformity_on_border;outline_near_image_edge,17,-0.6697925493137343,0.05728534479360603,0.05042558088855857,0.3125,16,0,0.9089095744680851
IGI-LG756520111,core,semantic_inner_step,semantic,inner_step,fixed,corner_NW_SE,review,foreground_or_nonuniformity_on_border;outline_near_image_edge,17,0.11978274427019493,0.07022037392026745,0.07022037392026745,0.4375,16,0,0.9222570532915361
IGI-LG756520111,core,semantic_inner_step,semantic,inner_step,dynamic,side_E_W,review,foreground_or_nonuniformity_on_border;outline_near_image_edge,17,0.10746192560709657,0.037186058707642494,0.017239072664831392,0.5,16,0,0.967400162999185
IGI-LG756520111,core,semantic_inner_step,semantic,inner_step,dynamic,side_N_S,review,foreground_or_nonuniformity_on_border;outline_near_image_edge,17,-0.8983781311746343,0.12838994377307178,0.12838994377307178,0.375,16,0,0.8707256046705588
IGI-LG756520111,core,semantic_inner_step,semantic,inner_step,dynamic,corner_NE_SW,review,foreground_or_nonuniformity_on_border;outline_near_image_edge,17,-0.6862142273994609,0.054394389713458086,0.04847047158495614,0.375,16,0,0.9089095744680851
IGI-LG756520111,core,semantic_inner_step,semantic,inner_step,dynamic,corner_NW_SE,review,foreground_or_nonuniformity_on_border;outline_near_image_edge,17,0.16479856765047976,0.06849892493432597,0.06849892493432597,0.3125,16,0,0.9222570532915361
IGI-LG756520111,core,semantic_middle_step,semantic,middle_step,fixed,side_E_W,review,foreground_or_nonuniformity_on_border;outline_near_image_edge,17,0.06273310885419299,0.058715288077791854,0.03997901357427111,0.875,16,0,0.8927294398092968
IGI-LG756520111,core,semantic_middle_step,semantic,middle_step,fixed,side_N_S,review,foreground_or_nonuniformity_on_border;outline_near_image_edge,17,0.44267906668897555,0.0716990979500531,0.0716990979500531,0.5,16,0,0.7591160220994475
IGI-LG756520111,core,semantic_middle_step,semantic,middle_step,fixed,corner_NE_SW,review,foreground_or_nonuniformity_on_border;outline_near_image_edge,17,-0.616498272413047,0.062245607008346915,0.05915579746278937,0.4375,16,0,0.8149377593360996
IGI-LG756520111,core,semantic_middle_step,semantic,middle_step,fixed,corner_NW_SE,review,foreground_or_nonuniformity_on_border;outline_near_image_edge,17,0.5975013533235091,0.0575152694183933,0.0575152694183933,0.6875,16,0,0.807570977917981
IGI-LG756520111,core,semantic_middle_step,semantic,middle_step,dynamic,side_E_W,review,foreground_or_nonuniformity_on_border;outline_near_image_edge,17,0.12896259991378,0.06072274452652696,0.041206570161971046,0.875,16,0,0.8927294398092968
IGI-LG756520111,core,semantic_middle_step,semantic,middle_step,dynamic,side_N_S,review,foreground_or_nonuniformity_on_border;outline_near_image_edge,17,0.7521090803162682,0.08048373573255159,0.08048373573255159,0.625,16,0,0.7591160220994475
IGI-LG756520111,core,semantic_middle_step,semantic,middle_step,dynamic,corner_NE_SW,review,foreground_or_nonuniformity_on_border;outline_near_image_edge,17,-0.49885831161878397,0.061379790763237074,0.061379790763237074,0.375,16,0,0.8149377593360996
IGI-LG756520111,core,semantic_middle_step,semantic,middle_step,dynamic,corner_NW_SE,review,foreground_or_nonuniformity_on_border;outline_near_image_edge,17,0.7660477738302659,0.06473421709580826,0.06473421709580826,0.6875,16,0,0.807570977917981
IGI-LG756520111,wide,coarse_whole,coarse,,fixed,side_E_W,review,foreground_or_nonuniformity_on_border;outline_near_image_edge,33,-0.05610326963889245,0.019534627383689274,-0.0004723722749001569,0.40625,32,0,0.8729701414353065
IGI-LG756520111,wide,coarse_whole,coarse,,fixed,side_N_S,review,foreground_or_nonuniformity_on_border;outline_near_image_edge,33,-0.4679612623278291,0.14060503626930182,0.14060503626930182,0.46875,32,0,0.9389430477167778
IGI-LG756520111,wide,coarse_whole,coarse,,fixed,corner_NE_SW,review,foreground_or_nonuniformity_on_border;outline_near_image_edge,33,-0.4193789939388697,0.03166239353675859,0.03166239353675859,0.4375,32,0,0.9059862610402355
IGI-LG756520111,wide,coarse_whole,coarse,,fixed,corner_NW_SE,review,foreground_or_nonuniformity_on_border;outline_near_image_edge,33,0.23714551387844346,0.04809169357925715,0.04809169357925715,0.5,32,0,0.9049055086449538
IGI-LG756520111,wide,coarse_whole,coarse,,dynamic,side_E_W,review,foreground_or_nonuniformity_on_border;outline_near_image_edge,33,-0.0025656213387870584,0.0166591502525279,0.0015515288528731852,0.4375,32,0,0.8729701414353065
IGI-LG756520111,wide,coarse_whole,coarse,,dynamic,side_N_S,review,foreground_or_nonuniformity_on_border;outline_near_image_edge,33,-0.46685587456206834,0.1419867251137074,0.1419867251137074,0.59375,32,0,0.9389430477167778
IGI-LG756520111,wide,coarse_whole,coarse,,dynamic,corner_NE_SW,review,foreground_or_nonuniformity_on_border;outline_near_image_edge,33,-0.23300909613166096,0.031185359648110318,0.031185359648110318,0.4375,32,0,0.9059862610402355
IGI-LG756520111,wide,coarse_whole,coarse,,dynamic,corner_NW_SE,review,foreground_or_nonuniformity_on_border;outline_near_image_edge,33,0.31941661984706793,0.049642173676988935,0.049642173676988935,0.5,32,0,0.9049055086449538
IGI-LG756520111,wide,coarse_inner,coarse,inner,fixed,side_E_W,review,foreground_or_nonuniformity_on_border;outline_near_image_edge,33,0.2391530890287651,0.04494424594658741,0.004558326307836286,0.4375,32,0,1.0
IGI-LG756520111,wide,coarse_inner,coarse,inner,fixed,side_N_S,review,foreground_or_nonuniformity_on_border;outline_near_image_edge,33,-0.39245742948866724,0.08735144208064485,0.08735144208064485,0.5,32,0,1.0
IGI-LG756520111,wide,coarse_inner,coarse,inner,fixed,corner_NE_SW,review,foreground_or_nonuniformity_on_border;outline_near_image_edge,33,0.6383242602570675,0.04898504641141424,0.04306850016786308,0.375,32,0,1.0
IGI-LG756520111,wide,coarse_inner,coarse,inner,fixed,corner_NW_SE,review,foreground_or_nonuniformity_on_border;outline_near_image_edge,33,-0.20973227922051213,0.025819737887454286,0.009937944254340955,0.34375,32,0,1.0
IGI-LG756520111,wide,coarse_inner,coarse,inner,dynamic,side_E_W,review,foreground_or_nonuniformity_on_border;outline_near_image_edge,33,0.2391530890287651,0.04494424594658741,0.004558326307836286,0.4375,32,0,1.0
IGI-LG756520111,wide,coarse_inner,coarse,inner,dynamic,side_N_S,review,foreground_or_nonuniformity_on_border;outline_near_image_edge,33,-0.39245742948866724,0.08735144208064485,0.08735144208064485,0.5,32,0,1.0
IGI-LG756520111,wide,coarse_inner,coarse,inner,dynamic,corner_NE_SW,review,foreground_or_nonuniformity_on_border;outline_near_image_edge,33,0.6383242602570675,0.04898504641141424,0.04306850016786308,0.375,32,0,1.0
IGI-LG756520111,wide,coarse_inner,coarse,inner,dynamic,corner_NW_SE,review,foreground_or_nonuniformity_on_border;outline_near_image_edge,33,-0.20973227922051213,0.025819737887454286,0.009937944254340955,0.34375,32,0,1.0
IGI-LG756520111,wide,coarse_middle,coarse,middle,fixed,side_E_W,review,foreground_or_nonuniformity_on_border;outline_near_image_edge,33,-0.5376643246085473,0.04244270931978164,-0.007783959699236592,0.375,32,0,1.0
IGI-LG756520111,wide,coarse_middle,coarse,middle,fixed,side_N_S,review,foreground_or_nonuniformity_on_border;outline_near_image_edge,33,-0.1888366472872115,0.18262327075337415,0.18262327075337415,0.34375,32,0,1.0
IGI-LG756520111,wide,coarse_middle,coarse,middle,fixed,corner_NE_SW,review,foreground_or_nonuniformity_on_border;outline_near_image_edge,33,-0.678160001178344,0.05057338759742651,0.0028661734219666557,0.3125,32,0,1.0
IGI-LG756520111,wide,coarse_middle,coarse,middle,fixed,corner_NW_SE,review,foreground_or_nonuniformity_on_border;outline_near_image_edge,33,-0.03813206868901038,0.0499250122728003,0.0499250122728003,0.3125,32,0,1.0
IGI-LG756520111,wide,coarse_middle,coarse,middle,dynamic,side_E_W,review,foreground_or_nonuniformity_on_border;outline_near_image_edge,33,-0.5376643246085473,0.04244270931978164,-0.007783959699236592,0.375,32,0,1.0
IGI-LG756520111,wide,coarse_middle,coarse,middle,dynamic,side_N_S,review,foreground_or_nonuniformity_on_border;outline_near_image_edge,33,-0.1888366472872115,0.18262327075337415,0.18262327075337415,0.34375,32,0,1.0
IGI-LG756520111,wide,coarse_middle,coarse,middle,dynamic,corner_NE_SW,review,foreground_or_nonuniformity_on_border;outline_near_image_edge,33,-0.678160001178344,0.05057338759742651,0.0028661734219666557,0.3125,32,0,1.0
IGI-LG756520111,wide,coarse_middle,coarse,middle,dynamic,corner_NW_SE,review,foreground_or_nonuniformity_on_border;outline_near_image_edge,33,-0.03813206868901038,0.0499250122728003,0.0499250122728003,0.3125,32,0,1.0
IGI-LG756520111,wide,semantic_inner_step,semantic,inner_step,fixed,side_E_W,review,foreground_or_nonuniformity_on_border;outline_near_image_edge,33,-0.2684263858194914,0.05291970689590389,-0.010880046738008325,0.46875,32,0,0.685383980181668
IGI-LG756520111,wide,semantic_inner_step,semantic,inner_step,fixed,side_N_S,review,foreground_or_nonuniformity_on_border;outline_near_image_edge,33,-0.24169738903859733,0.14165874314528162,0.14165874314528162,0.4375,32,0,0.8843594009983361
IGI-LG756520111,wide,semantic_inner_step,semantic,inner_step,fixed,corner_NE_SW,review,foreground_or_nonuniformity_on_border;outline_near_image_edge,33,-0.6508680943161365,0.05942473641951823,0.017159976715377986,0.34375,32,0,0.7704402515723271
IGI-LG756520111,wide,semantic_inner_step,semantic,inner_step,fixed,corner_NW_SE,review,foreground_or_nonuniformity_on_border;outline_near_image_edge,33,0.02812696226941438,0.049119733672686405,0.049119733672686405,0.40625,32,0,0.7900621118012422
IGI-LG756520111,wide,semantic_inner_step,semantic,inner_step,dynamic,side_E_W,review,foreground_or_nonuniformity_on_border;outline_near_image_edge,33,-0.044817701297340855,0.04050223202981275,-0.0025483587528432744,0.46875,32,0,0.685383980181668
IGI-LG756520111,wide,semantic_inner_step,semantic,inner_step,dynamic,side_N_S,review,foreground_or_nonuniformity_on_border;outline_near_image_edge,33,-0.2662773179350807,0.14077888526227186,0.14077888526227186,0.4375,32,0,0.8843594009983361
IGI-LG756520111,wide,semantic_inner_step,semantic,inner_step,dynamic,corner_NE_SW,review,foreground_or_nonuniformity_on_border;outline_near_image_edge,33,-0.6818091632064401,0.05816428026489334,0.017820209232369315,0.375,32,0,0.7704402515723271
IGI-LG756520111,wide,semantic_inner_step,semantic,inner_step,dynamic,corner_NW_SE,review,foreground_or_nonuniformity_on_border;outline_near_image_edge,33,0.1045009118867982,0.04530029199688626,0.04530029199688626,0.4375,32,0,0.7900621118012422
IGI-LG756520111,wide,semantic_middle_step,semantic,middle_step,fixed,side_E_W,review,foreground_or_nonuniformity_on_border;outline_near_image_edge,33,0.7657695123716928,0.03999611543845155,0.013514654562502532,0.75,32,0,0.45092592592592595
IGI-LG756520111,wide,semantic_middle_step,semantic,middle_step,fixed,side_N_S,review,foreground_or_nonuniformity_on_border;outline_near_image_edge,33,0.2803988119218281,0.12271471937880137,0.12271471937880137,0.59375,32,0,0.7582292849035187
IGI-LG756520111,wide,semantic_middle_step,semantic,middle_step,fixed,corner_NE_SW,review,foreground_or_nonuniformity_on_border;outline_near_image_edge,33,-0.39991643329598536,0.05683503592550332,0.05683503592550332,0.46875,32,0,0.5813432835820895
IGI-LG756520111,wide,semantic_middle_step,semantic,middle_step,fixed,corner_NW_SE,review,foreground_or_nonuniformity_on_border;outline_near_image_edge,33,0.1792953931282658,0.06271871751286118,0.06271871751286118,0.625,32,0,0.5463829787234042
IGI-LG756520111,wide,semantic_middle_step,semantic,middle_step,dynamic,side_E_W,review,foreground_or_nonuniformity_on_border;outline_near_image_edge,33,0.1038453788027737,0.05811955900056506,0.027484248305950643,0.8125,32,0,0.45092592592592595
IGI-LG756520111,wide,semantic_middle_step,semantic,middle_step,dynamic,side_N_S,review,foreground_or_nonuniformity_on_border;outline_near_image_edge,33,0.7459276967409414,0.12035971921399877,0.12035971921399877,0.65625,32,0,0.7582292849035187
IGI-LG756520111,wide,semantic_middle_step,semantic,middle_step,dynamic,corner_NE_SW,review,foreground_or_nonuniformity_on_border;outline_near_image_edge,33,-0.26408139517689694,0.0534268570793672,0.0534268570793672,0.4375,32,0,0.5813432835820895
IGI-LG756520111,wide,semantic_middle_step,semantic,middle_step,dynamic,corner_NW_SE,review,foreground_or_nonuniformity_on_border;outline_near_image_edge,33,0.38365273220758034,0.06338256595007727,0.06338256595007727,0.625,32,0,0.5463829787234042
IGI-LG818659722,core,coarse_whole,coarse,,fixed,side_E_W,review,foreground_or_nonuniformity_on_border;outline_near_image_edge,17,-0.04580897934001224,0.05892362520342581,-0.02585664670221946,0.4375,16,0,0.9790466212676794
IGI-LG818659722,core,coarse_whole,coarse,,fixed,side_N_S,review,foreground_or_nonuniformity_on_border;outline_near_image_edge,17,0.9838306224408927,0.157890777718807,0.157890777718807,0.75,16,0,0.9582664526484751
IGI-LG818659722,core,coarse_whole,coarse,,fixed,corner_NE_SW,review,foreground_or_nonuniformity_on_border;outline_near_image_edge,17,0.38779982820298164,0.02197598435300921,0.0196933072935703,0.4375,16,0,0.967843756164924
IGI-LG818659722,core,coarse_whole,coarse,,fixed,corner_NW_SE,review,foreground_or_nonuniformity_on_border;outline_near_image_edge,17,0.42713919815193563,0.033558287494092454,0.009839679994747871,0.625,16,0,0.9709830240821161
IGI-LG818659722,core,coarse_whole,coarse,,dynamic,side_E_W,review,foreground_or_nonuniformity_on_border;outline_near_image_edge,17,-0.06242003283241785,0.06678489522650558,-0.02585664670221946,0.375,16,0,0.9790466212676794
IGI-LG818659722,core,coarse_whole,coarse,,dynamic,side_N_S,review,foreground_or_nonuniformity_on_border;outline_near_image_edge,17,0.983828417001102,0.157890777718807,0.157890777718807,0.75,16,0,0.9582664526484751
IGI-LG818659722,core,coarse_whole,coarse,,dynamic,corner_NE_SW,review,foreground_or_nonuniformity_on_border;outline_near_image_edge,17,0.40074645128897657,0.022299261035702234,0.021769798639096782,0.4375,16,0,0.967843756164924
IGI-LG818659722,core,coarse_whole,coarse,,dynamic,corner_NW_SE,review,foreground_or_nonuniformity_on_border;outline_near_image_edge,17,0.4435500931433633,0.03157211810334801,0.010996450491262313,0.625,16,0,0.9709830240821161
IGI-LG818659722,core,coarse_inner,coarse,inner,fixed,side_E_W,review,foreground_or_nonuniformity_on_border;outline_near_image_edge,17,0.06997522491370174,0.23057080556067322,-0.06801701298822546,0.4375,16,0,1.0
IGI-LG818659722,core,coarse_inner,coarse,inner,fixed,side_N_S,review,foreground_or_nonuniformity_on_border;outline_near_image_edge,17,0.9635855165318034,0.14003989933086392,0.14003989933086392,0.8125,16,0,1.0
IGI-LG818659722,core,coarse_inner,coarse,inner,fixed,corner_NE_SW,review,foreground_or_nonuniformity_on_border;outline_near_image_edge,17,-0.2056991837766248,0.06565999391830073,0.008608287856293362,0.625,16,0,1.0
IGI-LG818659722,core,coarse_inner,coarse,inner,fixed,corner_NW_SE,review,foreground_or_nonuniformity_on_border;outline_near_image_edge,17,0.1907924568043959,0.09236970446415502,-0.019592548285925382,0.375,16,0,1.0
IGI-LG818659722,core,coarse_inner,coarse,inner,dynamic,side_E_W,review,foreground_or_nonuniformity_on_border;outline_near_image_edge,17,0.06997522491370174,0.23057080556067322,-0.06801701298822546,0.4375,16,0,1.0
IGI-LG818659722,core,coarse_inner,coarse,inner,dynamic,side_N_S,review,foreground_or_nonuniformity_on_border;outline_near_image_edge,17,0.9635855165318034,0.14003989933086392,0.14003989933086392,0.8125,16,0,1.0
IGI-LG818659722,core,coarse_inner,coarse,inner,dynamic,corner_NE_SW,review,foreground_or_nonuniformity_on_border;outline_near_image_edge,17,-0.2056991837766248,0.06565999391830073,0.008608287856293362,0.625,16,0,1.0
IGI-LG818659722,core,coarse_inner,coarse,inner,dynamic,corner_NW_SE,review,foreground_or_nonuniformity_on_border;outline_near_image_edge,17,0.1907924568043959,0.09236970446415502,-0.019592548285925382,0.375,16,0,1.0
IGI-LG818659722,core,coarse_middle,coarse,middle,fixed,side_E_W,review,foreground_or_nonuniformity_on_border;outline_near_image_edge,17,0.17322233373255916,0.08817298222483856,-0.006254851819020635,0.625,16,0,1.0
IGI-LG818659722,core,coarse_middle,coarse,middle,fixed,side_N_S,review,foreground_or_nonuniformity_on_border;outline_near_image_edge,17,0.6849474751498731,0.13093448995250934,0.13093448995250934,0.6875,16,0,1.0
IGI-LG818659722,core,coarse_middle,coarse,middle,fixed,corner_NE_SW,review,foreground_or_nonuniformity_on_border;outline_near_image_edge,17,0.16831874686767723,0.05276119080364937,0.026344066865233273,0.5,16,0,1.0
IGI-LG818659722,core,coarse_middle,coarse,middle,fixed,corner_NW_SE,review,foreground_or_nonuniformity_on_border;outline_near_image_edge,17,0.1613843743337487,0.05208926107688938,-0.022903040031276592,0.375,16,0,1.0
IGI-LG818659722,core,coarse_middle,coarse,middle,dynamic,side_E_W,review,foreground_or_nonuniformity_on_border;outline_near_image_edge,17,0.17322233373255916,0.08817298222483856,-0.006254851819020635,0.625,16,0,1.0
IGI-LG818659722,core,coarse_middle,coarse,middle,dynamic,side_N_S,review,foreground_or_nonuniformity_on_border;outline_near_image_edge,17,0.6849474751498731,0.13093448995250934,0.13093448995250934,0.6875,16,0,1.0
IGI-LG818659722,core,coarse_middle,coarse,middle,dynamic,corner_NE_SW,review,foreground_or_nonuniformity_on_border;outline_near_image_edge,17,0.16831874686767723,0.05276119080364937,0.026344066865233273,0.5,16,0,1.0
IGI-LG818659722,core,coarse_middle,coarse,middle,dynamic,corner_NW_SE,review,foreground_or_nonuniformity_on_border;outline_near_image_edge,17,0.1613843743337487,0.05208926107688938,-0.022903040031276592,0.375,16,0,1.0
IGI-LG818659722,core,semantic_inner_step,semantic,inner_step,fixed,side_E_W,review,foreground_or_nonuniformity_on_border;outline_near_image_edge;semantic_window_edge,17,-0.47077498733747025,0.2258640419039007,0.027372000051299,0.625,16,0,0.952433628318584
IGI-LG818659722,core,semantic_inner_step,semantic,inner_step,fixed,side_N_S,review,foreground_or_nonuniformity_on_border;outline_near_image_edge;semantic_window_edge,17,0.16147626423429473,0.07231870936247414,0.06588924094748072,0.6875,16,0,0.8252631578947368
IGI-LG818659722,core,semantic_inner_step,semantic,inner_step,fixed,corner_NE_SW,review,foreground_or_nonuniformity_on_border;outline_near_image_edge;semantic_window_edge,17,0.589464519141038,0.025294392287313894,0.025294392287313894,0.875,16,0,0.8721251149954001
IGI-LG818659722,core,semantic_inner_step,semantic,inner_step,fixed,corner_NW_SE,review,foreground_or_nonuniformity_on_border;outline_near_image_edge;semantic_window_edge,17,0.657280832887269,0.02232816316812672,-0.0072318607286534775,0.5,16,0,0.9102447869446962
IGI-LG818659722,core,semantic_inner_step,semantic,inner_step,dynamic,side_E_W,review,foreground_or_nonuniformity_on_border;outline_near_image_edge;semantic_window_edge,17,-0.4820872806467747,0.23812883920374264,0.026427727442825982,0.625,16,0,0.952433628318584
IGI-LG818659722,core,semantic_inner_step,semantic,inner_step,dynamic,side_N_S,review,foreground_or_nonuniformity_on_border;outline_near_image_edge;semantic_window_edge,17,0.1785614918529754,0.08603013994604802,0.08506352013250362,0.6875,16,0,0.8252631578947368
IGI-LG818659722,core,semantic_inner_step,semantic,inner_step,dynamic,corner_NE_SW,review,foreground_or_nonuniformity_on_border;outline_near_image_edge;semantic_window_edge,17,0.6388412358767284,0.02273548447771126,0.02273548447771126,0.875,16,0,0.8721251149954001
IGI-LG818659722,core,semantic_inner_step,semantic,inner_step,dynamic,corner_NW_SE,review,foreground_or_nonuniformity_on_border;outline_near_image_edge;semantic_window_edge,17,0.6449202886879761,0.018444858865128116,-0.005001106243634396,0.5,16,0,0.9102447869446962
IGI-LG818659722,core,semantic_middle_step,semantic,middle_step,fixed,side_E_W,review,foreground_or_nonuniformity_on_border;outline_near_image_edge;semantic_window_edge,17,-0.6553162159693678,0.35420323134280773,-0.10123017861220329,0.5625,16,0,0.9326647564469914
IGI-LG818659722,core,semantic_middle_step,semantic,middle_step,fixed,side_N_S,review,foreground_or_nonuniformity_on_border;outline_near_image_edge;semantic_window_edge,17,0.9275470910244479,0.16229964339286107,-0.16229964339286107,0.75,16,0,0.737094837935174
IGI-LG818659722,core,semantic_middle_step,semantic,middle_step,fixed,corner_NE_SW,review,foreground_or_nonuniformity_on_border;outline_near_image_edge;semantic_window_edge,17,0.8143408618709486,0.024021428988367732,-0.01991664070401794,0.6875,16,0,0.8134328358208955
IGI-LG818659722,core,semantic_middle_step,semantic,middle_step,fixed,corner_NW_SE,review,foreground_or_nonuniformity_on_border;outline_near_image_edge;semantic_window_edge,17,0.7461198954920927,0.03794829860622778,-0.01903488124032149,0.625,16,0,0.8732782369146006
IGI-LG818659722,core,semantic_middle_step,semantic,middle_step,dynamic,side_E_W,review,foreground_or_nonuniformity_on_border;outline_near_image_edge;semantic_window_edge,17,-0.6581627005747828,0.35352230383162864,-0.08897762219876848,0.5625,16,0,0.9326647564469914
IGI-LG818659722,core,semantic_middle_step,semantic,middle_step,dynamic,side_N_S,review,foreground_or_nonuniformity_on_border;outline_near_image_edge;semantic_window_edge,17,0.9466650681883694,0.12513604085726712,-0.0808048741009337,0.6875,16,0,0.737094837935174
IGI-LG818659722,core,semantic_middle_step,semantic,middle_step,dynamic,corner_NE_SW,review,foreground_or_nonuniformity_on_border;outline_near_image_edge;semantic_window_edge,17,0.8119185951329555,0.025613650367407675,-0.015470610860261691,0.6875,16,0,0.8134328358208955
IGI-LG818659722,core,semantic_middle_step,semantic,middle_step,dynamic,corner_NW_SE,review,foreground_or_nonuniformity_on_border;outline_near_image_edge;semantic_window_edge,17,0.7268348032866074,0.03821993050468339,-0.01722833265660334,0.625,16,0,0.8732782369146006
IGI-LG818659722,wide,coarse_whole,coarse,,fixed,side_E_W,review,foreground_or_nonuniformity_on_border;outline_near_image_edge,33,-0.07968975384196253,0.029642535192254155,-0.01757483212094478,0.4375,32,0,0.9033525405971713
IGI-LG818659722,wide,coarse_whole,coarse,,fixed,side_N_S,review,foreground_or_nonuniformity_on_border;outline_near_image_edge,33,0.9857388137513972,0.040992858595045784,0.040992858595045784,0.71875,32,0,0.9381875327396543
IGI-LG818659722,wide,coarse_whole,coarse,,fixed,corner_NE_SW,review,foreground_or_nonuniformity_on_border;outline_near_image_edge,33,0.5163210548298021,0.023757309481160643,0.0009590484302376412,0.34375,32,0,0.9291154071470415
IGI-LG818659722,wide,coarse_whole,coarse,,fixed,corner_NW_SE,review,foreground_or_nonuniformity_on_border;outline_near_image_edge,33,0.632108601373981,0.025741322030173402,0.015108434081703093,0.59375,32,0,0.9302325581395349
IGI-LG818659722,wide,coarse_whole,coarse,,dynamic,side_E_W,review,foreground_or_nonuniformity_on_border;outline_near_image_edge,33,0.039171511897522625,0.0277399514847025,-0.013800920758206742,0.4375,32,0,0.9033525405971713
IGI-LG818659722,wide,coarse_whole,coarse,,dynamic,side_N_S,review,foreground_or_nonuniformity_on_border;outline_near_image_edge,33,0.9864007163284187,0.03771867171041028,0.03771867171041028,0.625,32,0,0.9381875327396543
IGI-LG818659722,wide,coarse_whole,coarse,,dynamic,corner_NE_SW,review,foreground_or_nonuniformity_on_border;outline_near_image_edge,33,0.6268987065274676,0.020341889199310487,0.00215955767322365,0.40625,32,0,0.9291154071470415
IGI-LG818659722,wide,coarse_whole,coarse,,dynamic,corner_NW_SE,review,foreground_or_nonuniformity_on_border;outline_near_image_edge,33,0.7331352220454637,0.02368300027682982,0.015295223048653939,0.59375,32,0,0.9302325581395349
IGI-LG818659722,wide,coarse_inner,coarse,inner,fixed,side_E_W,review,foreground_or_nonuniformity_on_border;outline_near_image_edge,33,0.1720996916818869,0.06801701298822546,-0.01655080053910485,0.40625,32,0,1.0
IGI-LG818659722,wide,coarse_inner,coarse,inner,fixed,side_N_S,review,foreground_or_nonuniformity_on_border;outline_near_image_edge,33,0.9584130267267463,0.07788738461855105,0.07788738461855105,0.65625,32,0,1.0
IGI-LG818659722,wide,coarse_inner,coarse,inner,fixed,corner_NE_SW,review,foreground_or_nonuniformity_on_border;outline_near_image_edge,33,-0.15491483311698,0.07029299904114178,0.000827057428976874,0.625,32,0,1.0
IGI-LG818659722,wide,coarse_inner,coarse,inner,fixed,corner_NW_SE,review,foreground_or_nonuniformity_on_border;outline_near_image_edge,33,0.06251761787268444,0.09236970446415502,0.03891715682445143,0.375,32,0,1.0
IGI-LG818659722,wide,coarse_inner,coarse,inner,dynamic,side_E_W,review,foreground_or_nonuniformity_on_border;outline_near_image_edge,33,0.1720996916818869,0.06801701298822546,-0.01655080053910485,0.40625,32,0,1.0
IGI-LG818659722,wide,coarse_inner,coarse,inner,dynamic,side_N_S,review,foreground_or_nonuniformity_on_border;outline_near_image_edge,33,0.9584130267267463,0.07788738461855105,0.07788738461855105,0.65625,32,0,1.0
IGI-LG818659722,wide,coarse_inner,coarse,inner,dynamic,corner_NE_SW,review,foreground_or_nonuniformity_on_border;outline_near_image_edge,33,-0.15491483311698,0.07029299904114178,0.000827057428976874,0.625,32,0,1.0
IGI-LG818659722,wide,coarse_inner,coarse,inner,dynamic,corner_NW_SE,review,foreground_or_nonuniformity_on_border;outline_near_image_edge,33,0.06251761787268444,0.09236970446415502,0.03891715682445143,0.375,32,0,1.0
IGI-LG818659722,wide,coarse_middle,coarse,middle,fixed,side_E_W,review,foreground_or_nonuniformity_on_border;outline_near_image_edge,33,0.13465276101653945,0.049603315566923115,-0.006254851819020635,0.5625,32,0,1.0
IGI-LG818659722,wide,coarse_middle,coarse,middle,fixed,side_N_S,review,foreground_or_nonuniformity_on_border;outline_near_image_edge,33,0.7473575562809367,0.05631009000412217,0.04204947634440845,0.5625,32,0,1.0
IGI-LG818659722,wide,coarse_middle,coarse,middle,fixed,corner_NE_SW,review,foreground_or_nonuniformity_on_border;outline_near_image_edge,33,0.019583202362541133,0.04484916760348731,0.00879243182661929,0.5,32,0,1.0
IGI-LG818659722,wide,coarse_middle,coarse,middle,fixed,corner_NW_SE,review,foreground_or_nonuniformity_on_border;outline_near_image_edge,33,0.22503539741233197,0.04622391390693553,0.005074277936317956,0.375,32,0,1.0
IGI-LG818659722,wide,coarse_middle,coarse,middle,dynamic,side_E_W,review,foreground_or_nonuniformity_on_border;outline_near_image_edge,33,0.13465276101653945,0.049603315566923115,-0.006254851819020635,0.5625,32,0,1.0
IGI-LG818659722,wide,coarse_middle,coarse,middle,dynamic,side_N_S,review,foreground_or_nonuniformity_on_border;outline_near_image_edge,33,0.7473575562809367,0.05631009000412217,0.04204947634440845,0.5625,32,0,1.0
IGI-LG818659722,wide,coarse_middle,coarse,middle,dynamic,corner_NE_SW,review,foreground_or_nonuniformity_on_border;outline_near_image_edge,33,0.019583202362541133,0.04484916760348731,0.00879243182661929,0.5,32,0,1.0
IGI-LG818659722,wide,coarse_middle,coarse,middle,dynamic,corner_NW_SE,review,foreground_or_nonuniformity_on_border;outline_near_image_edge,33,0.22503539741233197,0.04622391390693553,0.005074277936317956,0.375,32,0,1.0
IGI-LG818659722,wide,semantic_inner_step,semantic,inner_step,fixed,side_E_W,review,foreground_or_nonuniformity_on_border;outline_near_image_edge,33,0.1894463284464016,0.0625432380897615,0.0,0.59375,32,0,0.8088986141502553
IGI-LG818659722,wide,semantic_inner_step,semantic,inner_step,fixed,side_N_S,review,foreground_or_nonuniformity_on_border;outline_near_image_edge,33,0.6253779837017839,0.03635301424729531,-0.020947867987341273,0.5,32,0,0.8131455399061033
IGI-LG818659722,wide,semantic_inner_step,semantic,inner_step,fixed,corner_NE_SW,review,foreground_or_nonuniformity_on_border;outline_near_image_edge,33,0.13223082056685845,0.03754368064219471,0.013119041926619418,0.5,32,0,0.8390804597701149
IGI-LG818659722,wide,semantic_inner_step,semantic,inner_step,fixed,corner_NW_SE,review,foreground_or_nonuniformity_on_border;outline_near_image_edge,33,0.4660088301622335,0.04151842006778905,-0.005117344138299451,0.40625,32,0,0.8383458646616542
IGI-LG818659722,wide,semantic_inner_step,semantic,inner_step,dynamic,side_E_W,review,foreground_or_nonuniformity_on_border;outline_near_image_edge,33,-0.18744279321619886,0.11972302075127306,0.009264055571856167,0.5625,32,0,0.8088986141502553
IGI-LG818659722,wide,semantic_inner_step,semantic,inner_step,dynamic,side_N_S,review,foreground_or_nonuniformity_on_border;outline_near_image_edge,33,0.6603191921167837,0.06550593064535605,0.0016523189558121654,0.5,32,0,0.8131455399061033
IGI-LG818659722,wide,semantic_inner_step,semantic,inner_step,dynamic,corner_NE_SW,review,foreground_or_nonuniformity_on_border;outline_near_image_edge,33,0.20655795052201867,0.039153307880769775,0.012851821659875695,0.53125,32,0,0.8390804597701149
IGI-LG818659722,wide,semantic_inner_step,semantic,inner_step,dynamic,corner_NW_SE,review,foreground_or_nonuniformity_on_border;outline_near_image_edge,33,0.5544802279069514,0.037830337288390636,-0.00040277871692739886,0.46875,32,0,0.8383458646616542
IGI-LG818659722,wide,semantic_middle_step,semantic,middle_step,fixed,side_E_W,review,foreground_or_nonuniformity_on_border;outline_near_image_edge,33,-0.42265305480964943,0.4147128419953723,-0.10520476739709009,0.625,32,0,0.5006165228113441
IGI-LG818659722,wide,semantic_middle_step,semantic,middle_step,fixed,side_N_S,review,foreground_or_nonuniformity_on_border;outline_near_image_edge,33,0.9852321284119343,0.043891482540687685,0.02127624932712853,0.78125,32,0,0.7440677966101695
IGI-LG818659722,wide,semantic_middle_step,semantic,middle_step,fixed,corner_NE_SW,review,foreground_or_nonuniformity_on_border;outline_near_image_edge,33,0.7245828493870129,0.03710612425474394,-0.01478044893746941,0.59375,32,0,0.6514900662251656
IGI-LG818659722,wide,semantic_middle_step,semantic,middle_step,fixed,corner_NW_SE,review,foreground_or_nonuniformity_on_border;outline_near_image_edge,33,0.758706115639016,0.04664769924975817,0.004443075524999618,0.71875,32,0,0.645704162976085
IGI-LG818659722,wide,semantic_middle_step,semantic,middle_step,dynamic,side_E_W,review,foreground_or_nonuniformity_on_border;outline_near_image_edge,33,-0.44587786848347843,0.3409636372943811,-0.09499018430783246,0.625,32,0,0.5006165228113441
IGI-LG818659722,wide,semantic_middle_step,semantic,middle_step,dynamic,side_N_S,review,foreground_or_nonuniformity_on_border;outline_near_image_edge,33,0.983507431043389,0.024526187091871626,0.015699630428480105,0.71875,32,0,0.7440677966101695
IGI-LG818659722,wide,semantic_middle_step,semantic,middle_step,dynamic,corner_NE_SW,review,foreground_or_nonuniformity_on_border;outline_near_image_edge,33,0.7154658178450386,0.041110816480288026,-0.013938099387191372,0.59375,32,0,0.6514900662251656
IGI-LG818659722,wide,semantic_middle_step,semantic,middle_step,dynamic,corner_NW_SE,review,foreground_or_nonuniformity_on_border;outline_near_image_edge,33,0.7900175088839337,0.038950017242169566,0.01035257861708419,0.71875,32,0,0.645704162976085
IGI-LG836619414,core,coarse_whole,coarse,,fixed,side_E_W,ok,,17,0.310465135173277,0.06695003159572321,-0.01979027558304164,0.6875,16,0,0.6998332406892718
IGI-LG836619414,core,coarse_whole,coarse,,fixed,side_N_S,ok,,17,-0.09946439372440417,0.044488657917517216,0.03698748871276619,0.4375,16,0,0.8153765690376569
IGI-LG836619414,core,coarse_whole,coarse,,fixed,corner_NE_SW,ok,,17,0.24291718417535219,0.03922304088871864,-0.030329248816758025,0.3125,16,0,0.6952816462273955
IGI-LG836619414,core,coarse_whole,coarse,,fixed,corner_NW_SE,ok,,17,-0.7524409778239303,0.036421603297570826,0.0012913889446045101,0.375,16,0,0.6877214925995414
IGI-LG836619414,core,coarse_whole,coarse,,dynamic,side_E_W,ok,,17,-0.09505700123208193,0.03998377619850835,0.021735600648106035,0.5,16,0,0.6998332406892718
IGI-LG836619414,core,coarse_whole,coarse,,dynamic,side_N_S,ok,,17,-0.19415108274084839,0.06438864370446659,0.06438864370446659,0.625,16,0,0.8153765690376569
IGI-LG836619414,core,coarse_whole,coarse,,dynamic,corner_NE_SW,ok,,17,0.5034531896443495,0.02096058260903555,-0.008480357195111976,0.4375,16,0,0.6952816462273955
IGI-LG836619414,core,coarse_whole,coarse,,dynamic,corner_NW_SE,ok,,17,-0.3906106268761333,0.046685660187870404,0.022656699126982316,0.4375,16,0,0.6877214925995414
IGI-LG836619414,core,coarse_inner,coarse,inner,fixed,side_E_W,ok,,17,-0.018360406878681533,0.1348379686358544,0.04857584611721766,0.5,16,0,1.0
IGI-LG836619414,core,coarse_inner,coarse,inner,fixed,side_N_S,ok,,17,0.37977720508990676,0.02643497636597214,0.00020912806413198037,0.75,16,0,1.0
IGI-LG836619414,core,coarse_inner,coarse,inner,fixed,corner_NE_SW,ok,,17,-0.40031396493025434,0.04348179138946062,-0.007676284940220546,0.125,16,0,1.0
IGI-LG836619414,core,coarse_inner,coarse,inner,fixed,corner_NW_SE,ok,,17,-0.2645561606300965,0.05575217368278085,-0.00852417616367862,0.5,16,0,1.0
IGI-LG836619414,core,coarse_inner,coarse,inner,dynamic,side_E_W,ok,,17,-0.018360406878681533,0.1348379686358544,0.04857584611721766,0.5,16,0,1.0
IGI-LG836619414,core,coarse_inner,coarse,inner,dynamic,side_N_S,ok,,17,0.37977720508990676,0.02643497636597214,0.00020912806413198037,0.75,16,0,1.0
IGI-LG836619414,core,coarse_inner,coarse,inner,dynamic,corner_NE_SW,ok,,17,-0.40031396493025434,0.04348179138946062,-0.007676284940220546,0.125,16,0,1.0
IGI-LG836619414,core,coarse_inner,coarse,inner,dynamic,corner_NW_SE,ok,,17,-0.2645561606300965,0.05575217368278085,-0.00852417616367862,0.5,16,0,1.0
IGI-LG836619414,core,coarse_middle,coarse,middle,fixed,side_E_W,ok,,17,0.33522972324737954,0.12989366319269557,0.07105331040707014,0.375,16,0,1.0
IGI-LG836619414,core,coarse_middle,coarse,middle,fixed,side_N_S,ok,,17,-0.13727361624329448,0.18163594051534182,-0.06485653558783078,0.5,16,0,1.0
IGI-LG836619414,core,coarse_middle,coarse,middle,fixed,corner_NE_SW,ok,,17,0.34322441311992014,0.05841148032709065,-0.05841148032709065,0.4375,16,0,1.0
IGI-LG836619414,core,coarse_middle,coarse,middle,fixed,corner_NW_SE,ok,,17,-0.054732546972313896,0.031949557169116044,-0.008806529419884163,0.5,16,0,0.999353169469599
IGI-LG836619414,core,coarse_middle,coarse,middle,dynamic,side_E_W,ok,,17,0.33522972324737954,0.12989366319269557,0.07105331040707014,0.375,16,0,1.0
IGI-LG836619414,core,coarse_middle,coarse,middle,dynamic,side_N_S,ok,,17,-0.13727361624329448,0.18163594051534182,-0.06485653558783078,0.5,16,0,1.0
IGI-LG836619414,core,coarse_middle,coarse,middle,dynamic,corner_NE_SW,ok,,17,0.34322441311992014,0.05841148032709065,-0.05841148032709065,0.4375,16,0,1.0
IGI-LG836619414,core,coarse_middle,coarse,middle,dynamic,corner_NW_SE,ok,,17,-0.05417903150738224,0.031844552766115086,-0.008677389726242046,0.5,16,0,0.999353169469599
IGI-LG836619414,core,semantic_inner_step,semantic,inner_step,fixed,side_E_W,ok,,17,0.5717578461924984,0.09514464775790193,0.07992736893168678,0.5625,16,0,0.3716887417218543
IGI-LG836619414,core,semantic_inner_step,semantic,inner_step,fixed,side_N_S,ok,,17,0.1590249271076093,0.1866710728135248,-0.08737391048974011,0.625,16,0,0.5624509033778476
IGI-LG836619414,core,semantic_inner_step,semantic,inner_step,fixed,corner_NE_SW,ok,,17,-0.1400080161187444,0.08812694385613193,-0.08812694385613193,0.5,16,0,0.34581105169340465
IGI-LG836619414,core,semantic_inner_step,semantic,inner_step,fixed,corner_NW_SE,ok,,17,0.008483336281765409,0.06976917998691334,-0.06976917998691334,0.5,16,0,0.3580104106419896
IGI-LG836619414,core,semantic_inner_step,semantic,inner_step,dynamic,side_E_W,ok,,17,0.3310498463365523,0.08167598678382326,0.07800216730453369,0.625,16,0,0.3716887417218543
IGI-LG836619414,core,semantic_inner_step,semantic,inner_step,dynamic,side_N_S,ok,,17,-0.0006835616748377898,0.1833674670347644,-0.07588118899054624,0.625,16,0,0.5624509033778476
IGI-LG836619414,core,semantic_inner_step,semantic,inner_step,dynamic,corner_NE_SW,ok,,17,0.5164382468923352,0.05527738112199779,-0.05527738112199779,0.5,16,0,0.34581105169340465
IGI-LG836619414,core,semantic_inner_step,semantic,inner_step,dynamic,corner_NW_SE,ok,,17,-0.32126629715729615,0.033216844036773274,-0.023558417219752215,0.375,16,0,0.3580104106419896
IGI-LG836619414,core,semantic_middle_step,semantic,middle_step,fixed,side_E_W,ok,,17,0.4989577627500902,0.2649182343712042,-0.08724771814917037,0.4375,16,0,0.04895104895104895
IGI-LG836619414,core,semantic_middle_step,semantic,middle_step,fixed,side_N_S,ok,,17,-0.5390019508002212,0.35505449780302467,-0.30103710735157907,0.5,16,0,0.24282786885245902
IGI-LG836619414,core,semantic_middle_step,semantic,middle_step,fixed,corner_NE_SW,ok,,17,0.01991250309892915,0.11262397934892117,-0.08058268811774877,0.5,16,0,0.012216404886561954
IGI-LG836619414,core,semantic_middle_step,semantic,middle_step,fixed,corner_NW_SE,ok,,17,0.11115847400789171,0.1414683573743259,0.10298706908992292,0.4375,16,0,0.023378141437755698
IGI-LG836619414,core,semantic_middle_step,semantic,middle_step,dynamic,side_E_W,ok,,17,0.42648327689715404,0.32325499673302177,-0.32325499673302177,0.5,16,0,0.04895104895104895
IGI-LG836619414,core,semantic_middle_step,semantic,middle_step,dynamic,side_N_S,ok,,17,-0.6384217659138018,0.357310087892681,-0.16995074087539253,0.4375,16,0,0.24282786885245902
IGI-LG836619414,core,semantic_middle_step,semantic,middle_step,dynamic,corner_NE_SW,ok,,17,-0.14801373061122683,0.11660423349694449,-0.09770010090449882,0.375,16,0,0.012216404886561954
IGI-LG836619414,core,semantic_middle_step,semantic,middle_step,dynamic,corner_NW_SE,ok,,17,0.18740518622314534,0.0525548019432108,-0.028794786110840298,0.5625,16,0,0.023378141437755698
IGI-LG836619414,wide,coarse_whole,coarse,,fixed,side_E_W,ok,,33,0.29479448665216484,0.028991642646907012,-0.003496614504341633,0.53125,32,0,0.6241685144124168
IGI-LG836619414,wide,coarse_whole,coarse,,fixed,side_N_S,ok,,33,0.24407280391892675,0.03439134125519544,0.008898091097508526,0.5,32,0,0.7124967388468563
IGI-LG836619414,wide,coarse_whole,coarse,,fixed,corner_NE_SW,ok,,33,0.30470165080032846,0.031230962211338864,-0.030043770675979464,0.3125,32,0,0.5109867330016584
IGI-LG836619414,wide,coarse_whole,coarse,,fixed,corner_NW_SE,ok,,33,-0.5460198338715243,0.03434757560517945,-0.003166006104176,0.25,32,0,0.5568063372941422
IGI-LG836619414,wide,coarse_whole,coarse,,dynamic,side_E_W,ok,,33,-0.019850277413251252,0.02610686737221135,-0.004837697248529393,0.5,32,0,0.6241685144124168
IGI-LG836619414,wide,coarse_whole,coarse,,dynamic,side_N_S,ok,,33,-0.08266480486890103,0.05465781312480819,0.05465781312480819,0.59375,32,0,0.7124967388468563
IGI-LG836619414,wide,coarse_whole,coarse,,dynamic,corner_NE_SW,ok,,33,0.4652587622748136,0.028097342985262536,-0.008480357195111976,0.4375,32,0,0.5109867330016584
IGI-LG836619414,wide,coarse_whole,coarse,,dynamic,corner_NW_SE,ok,,33,0.17589113396208417,0.04215860775083535,0.01787796061175992,0.5625,32,0,0.5568063372941422
IGI-LG836619414,wide,coarse_inner,coarse,inner,fixed,side_E_W,ok,,33,0.16325763921277323,0.054430732520833,0.029356654064944837,0.40625,32,0,1.0
IGI-LG836619414,wide,coarse_inner,coarse,inner,fixed,side_N_S,ok,,33,0.20019318766792488,0.02354860684046295,-0.012564266272655417,0.5625,32,0,1.0
IGI-LG836619414,wide,coarse_inner,coarse,inner,fixed,corner_NE_SW,ok,,33,-0.38888010296071995,0.021789866750350606,-0.006797096083519166,0.3225806451612903,31,1,1.0
IGI-LG836619414,wide,coarse_inner,coarse,inner,fixed,corner_NW_SE,ok,,33,-0.3078062413417695,0.029370188848670403,-0.004202360767017521,0.3125,32,0,1.0
IGI-LG836619414,wide,coarse_inner,coarse,inner,dynamic,side_E_W,ok,,33,0.16325763921277323,0.054430732520833,0.029356654064944837,0.40625,32,0,1.0
IGI-LG836619414,wide,coarse_inner,coarse,inner,dynamic,side_N_S,ok,,33,0.20019318766792488,0.02354860684046295,-0.012564266272655417,0.5625,32,0,1.0
IGI-LG836619414,wide,coarse_inner,coarse,inner,dynamic,corner_NE_SW,ok,,33,-0.38888010296071995,0.021789866750350606,-0.006797096083519166,0.3225806451612903,31,1,1.0
IGI-LG836619414,wide,coarse_inner,coarse,inner,dynamic,corner_NW_SE,ok,,33,-0.3078062413417695,0.029370188848670403,-0.004202360767017521,0.3125,32,0,1.0
IGI-LG836619414,wide,coarse_middle,coarse,middle,fixed,side_E_W,ok,,33,0.34368490443282157,0.05027349002152298,0.005590067257364717,0.4375,32,0,1.0
IGI-LG836619414,wide,coarse_middle,coarse,middle,fixed,side_N_S,ok,,33,0.17652018425084257,0.07739906755082612,-0.03663974519620511,0.5625,32,0,1.0
IGI-LG836619414,wide,coarse_middle,coarse,middle,fixed,corner_NE_SW,ok,,33,0.40627435447699944,0.05601017892557761,-0.04381397333743667,0.53125,32,0,0.8505821474773609
IGI-LG836619414,wide,coarse_middle,coarse,middle,fixed,corner_NW_SE,ok,,33,0.29327588849726444,0.04182613001214058,0.0062621626676281905,0.625,32,0,0.8958602846054333
IGI-LG836619414,wide,coarse_middle,coarse,middle,dynamic,side_E_W,ok,,33,0.34368490443282157,0.05027349002152298,0.005590067257364717,0.4375,32,0,1.0
IGI-LG836619414,wide,coarse_middle,coarse,middle,dynamic,side_N_S,ok,,33,0.17652018425084257,0.07739906755082612,-0.03663974519620511,0.5625,32,0,1.0
IGI-LG836619414,wide,coarse_middle,coarse,middle,dynamic,corner_NE_SW,ok,,33,0.31043787266850154,0.059040037408056384,-0.047110667394629185,0.59375,32,0,0.8505821474773609
IGI-LG836619414,wide,coarse_middle,coarse,middle,dynamic,corner_NW_SE,ok,,33,0.336958027157995,0.036986209567575035,0.005222097834639644,0.59375,32,0,0.8958602846054333
IGI-LG836619414,wide,semantic_inner_step,semantic,inner_step,fixed,side_E_W,ok,,33,0.34617987941392436,0.07380689935313212,-0.004674712862381192,0.5625,32,0,0.25734767025089605
IGI-LG836619414,wide,semantic_inner_step,semantic,inner_step,fixed,side_N_S,ok,,33,0.23101970128260255,0.09511507836126057,-0.05367787130121626,0.46875,32,0,0.36721546170365066
IGI-LG836619414,wide,semantic_inner_step,semantic,inner_step,fixed,corner_NE_SW,ok,,33,0.27477173643229863,0.08333466488291388,-0.07178088327786078,0.65625,32,0,0.08274111675126904
IGI-LG836619414,wide,semantic_inner_step,semantic,inner_step,fixed,corner_NW_SE,ok,,33,-0.0905438298010586,0.04691180008283524,-0.02144557801078778,0.46875,32,0,0.14471544715447154
IGI-LG836619414,wide,semantic_inner_step,semantic,inner_step,dynamic,side_E_W,ok,,33,0.5014009456167181,0.06533289900429853,0.05608313151138744,0.375,32,0,0.25734767025089605
IGI-LG836619414,wide,semantic_inner_step,semantic,inner_step,dynamic,side_N_S,ok,,33,0.1338324978870034,0.06617105736496406,-0.04129181224558928,0.625,32,0,0.36721546170365066
IGI-LG836619414,wide,semantic_inner_step,semantic,inner_step,dynamic,corner_NE_SW,ok,,33,0.5728432515681181,0.05342658871503661,-0.05165525739678206,0.65625,32,0,0.08274111675126904
IGI-LG836619414,wide,semantic_inner_step,semantic,inner_step,dynamic,corner_NW_SE,ok,,33,0.3771502596805539,0.0297651824416732,-0.01300989444531045,0.3125,32,0,0.14471544715447154
IGI-LG836619414,wide,semantic_middle_step,semantic,middle_step,fixed,side_E_W,unavailable,no_support;fewer_than_three_paired_frames,0,,,,,0,0,0.0
IGI-LG836619414,wide,semantic_middle_step,semantic,middle_step,fixed,side_N_S,ok,,33,-0.5738185602715056,0.33107674340138415,-0.025770390095078144,0.53125,32,0,0.026717557251908396
IGI-LG836619414,wide,semantic_middle_step,semantic,middle_step,fixed,corner_NE_SW,unavailable,no_support;fewer_than_three_paired_frames,0,,,,,0,0,0.0
IGI-LG836619414,wide,semantic_middle_step,semantic,middle_step,fixed,corner_NW_SE,unavailable,no_support;fewer_than_three_paired_frames,0,,,,,0,0,0.0
IGI-LG836619414,wide,semantic_middle_step,semantic,middle_step,dynamic,side_E_W,ok,,33,0.44792944046165467,0.17856729023735812,-0.14339687014593602,0.59375,32,0,0.0
IGI-LG836619414,wide,semantic_middle_step,semantic,middle_step,dynamic,side_N_S,ok,,33,-0.5244336375352546,0.3304191501431599,0.028167271979516073,0.46875,32,0,0.026717557251908396
IGI-LG836619414,wide,semantic_middle_step,semantic,middle_step,dynamic,corner_NE_SW,ok,,33,-0.22859051682013537,0.0838306150936633,-0.06707947605474956,0.5,32,0,0.0
IGI-LG836619414,wide,semantic_middle_step,semantic,middle_step,dynamic,corner_NW_SE,ok,,33,0.13122666522657742,0.0664656868553537,-0.00641993094175447,0.6875,32,0,0.0
